,corp_brand_id,corporate_brand,material_type,level,date,snapshot_date,Brand_Î”FIP_%,Brand_Abs_Impact,Brand_MT_Abs_Impact,Net_vs_Abs_Ratio,Signal_SKU_%,Impact_from_Signal_%,Top_5_SKU_%,Plant_Concentration_%,Qty_Impact_%,Cost_Impact_%,Weighted_Dominance,Driver_Conflict_%,Avg_Persistence,Structural_Shift_Index,MaterialType_Impact_%,Actionability_Index,Ownership_Clarity_Index,Explainability_Score
0,00201790,All Other Pharmaceut,,BRAND,202612,2025-07-18,,0.0,,,100.0,,,,,,,0.0,0.0,0.0,,,,
1,00201790,All Other Pharmaceut,,BRAND,202612,2025-07-25,-0.1,2308031.81,,5.0,43.58,100.0,42.79,48.36,100.0,-0.0,1.0,19.75,0.1,0.0,,42.79,100.0,34.89
2,00201790,All Other Pharmaceut,,BRAND,202612,2025-08-01,-0.18,1559786.84,,14.14,43.55,100.0,52.96,50.24,100.0,-0.0,1.0,19.77,0.14,0.0,,52.96,100.0,39.09
3,00201790,All Other Pharmaceut,,BRAND,202612,2025-08-08,15.99,26733370.42,,71.23,44.26,100.0,72.52,56.1,100.0,0.0,1.0,28.88,0.22,0.0,,72.52,100.0,47.45
4,00201790,All Other Pharmaceut,,BRAND,202612,2025-08-15,-4.31,9201404.04,,65.78,44.57,100.0,74.01,49.68,100.0,-0.0,1.0,28.27,0.22,0.0,,74.01,100.0,48.17
5,00201790,All Other Pharmaceut,,BRAND,202612,2025-08-22,-1.2,3256743.43,,49.45,44.6,100.0,50.68,73.47,100.0,-0.0,1.0,30.5,0.26,0.0,,50.68,100.0,38.99
6,00201790,All Other Pharmaceut,,BRAND,202612,2025-08-26,,0.0,,,44.88,,,,,,,0.0,0.0,0.0,,,,
7,00201790,All Other Pharmaceut,,BRAND,202612,2025-08-29,2.59,6200958.35,,55.55,43.24,92.01,66.49,51.54,100.0,0.0,1.0,27.21,0.15,0.0,,61.17,100.0,44.4
8,00201790,All Other Pharmaceut,,BRAND,202612,2025-09-05,-2.6,5426642.11,,65.44,42.65,55.7,77.35,68.0,100.0,-0.0,1.0,21.65,0.18,1.72,,43.09,100.0,48.61
9,00201790,All Other Pharmaceut,,BRAND,202612,2025-09-12,-1.17,6685807.11,,23.33,41.88,77.46,45.67,67.99,100.0,-0.0,1.0,24.62,0.25,1.74,,35.38,100.0,35.87
10,00201790,All Other Pharmaceut,,BRAND,202612,2025-09-18,9.0,29751678.31,,36.18,40.23,86.69,74.25,79.26,100.0,0.0,1.0,36.93,0.47,1.8,,64.37,100.0,47.35
11,00201790,All Other Pharmaceut,,BRAND,202612,2025-09-19,-0.35,4245305.91,,10.92,39.41,66.15,42.99,66.83,100.0,-0.0,1.0,27.78,0.43,1.59,,28.44,100.0,34.39
12,00201790,All Other Pharmaceut,,BRAND,202612,2025-09-26,-0.17,6301729.05,,3.5,64.75,76.53,48.73,50.01,100.0,-0.0,1.0,27.42,0.5,1.39,,37.3,100.0,47.06
13,00201790,All Other Pharmaceut,,BRAND,202612,2025-10-03,-0.23,5137385.34,,5.8,53.12,83.48,52.42,58.85,100.0,-0.0,1.0,19.53,0.3,0.87,,43.76,100.0,43.22
14,00201790,All Other Pharmaceut,,BRAND,202612,2025-10-10,0.0,0.0,,,43.17,,,,,,,0.0,0.0,0.0,,,,
15,00201790,All Other Pharmaceut,,BRAND,202612,2025-10-17,-0.42,9618159.0,,5.63,41.39,86.97,32.61,40.96,100.0,-0.0,1.0,42.56,0.27,0.0,,28.36,100.0,30.51
16,00201790,All Other Pharmaceut,,BRAND,202612,2025-10-24,-0.37,5876427.8,,8.37,40.74,80.33,40.86,49.42,100.0,-0.0,1.0,29.61,0.37,3.06,,32.82,100.0,33.87
17,00201790,All Other Pharmaceut,,BRAND,202612,2025-10-31,1.55,6624286.68,,30.97,41.99,91.83,69.46,37.48,100.0,0.0,1.0,25.06,0.29,1.25,,63.79,100.0,45.56
18,00201790,All Other Pharmaceut,,BRAND,202612,2025-11-07,2.04,7020527.16,,39.08,42.21,69.76,58.0,28.64,100.0,0.0,1.0,31.26,0.32,1.38,,40.46,100.0,41.16
19,00201790,All Other Pharmaceut,,BRAND,202612,2025-11-14,-1.27,5458515.77,,31.99,40.86,73.64,54.77,31.74,100.0,-0.0,1.0,26.73,0.29,1.91,,40.33,100.0,39.23
20,00201790,All Other Pharmaceut,,BRAND,202612,2025-11-19,72.98,104214026.87,,92.62,40.51,8.91,93.99,89.97,100.0,0.0,1.0,38.82,0.49,3.73,,8.38,100.0,55.42
21,00201790,All Other Pharmaceut,,BRAND,202612,2025-11-21,68.26,98152077.85,,94.86,39.03,3.81,98.2,96.63,100.0,0.0,1.0,21.07,0.36,2.37,,3.74,100.0,56.11
22,00201790,All Other Pharmaceut,,BRAND,202612,2025-11-28,-47.56,111143056.13,,98.22,42.75,99.66,98.15,84.04,100.0,-0.0,1.0,28.85,0.36,1.58,,97.82,100.0,57.55
23,00201790,All Other Pharmaceut,,BRAND,202612,2025-12-05,-1.17,6316420.3,,22.33,45.66,60.44,60.73,53.12,100.0,-0.0,1.0,26.38,0.35,2.01,,36.71,100.0,43.72
24,00201790,All Other Pharmaceut,,BRAND,202612,2025-12-12,0.78,3263827.24,,29.09,46.0,81.08,41.17,43.87,100.0,0.0,1.0,32.24,0.37,1.59,,33.38,100.0,36.11
25,00201790,All Other Pharmaceut,,BRAND,202612,2025-12-17,-47.45,118896294.55,,91.94,45.35,83.39,94.12,78.67,100.0,-0.0,1.0,33.6,0.5,2.41,,78.49,100.0,57.46
26,00201790,All Other Pharmaceut,,BRAND,202612,2025-12-19,202.22,887544729.21,,99.18,42.53,99.75,99.46,99.24,100.0,0.0,1.0,26.26,0.42,1.71,,99.21,100.0,58.19
27,00201790,All Other Pharmaceut,,BRAND,202612,2025-12-26,1.22,21524961.6,,74.8,45.6,81.94,85.03,68.08,100.0,0.0,1.0,26.1,0.31,0.8,,69.68,100.0,53.28
28,00201790,All Other Pharmaceut,,BRAND,202612,2026-01-02,0.45,10561953.96,,56.71,53.93,77.34,33.48,44.66,24.1,77.17,-0.44,49.33,0.27,0.96,,25.89,53.08,35.85
29,00201790,All Other Pharmaceut,,BRAND,202612,2026-01-09,-8.07,13721299.42,,86.69,49.01,99.27,90.31,91.64,100.0,-0.0,1.0,20.73,0.24,0.09,,89.66,100.0,56.52
30,00201790,All Other Pharmaceut,,BRAND,202612,2026-01-16,-14.71,34811342.86,,55.18,46.26,60.61,56.24,29.69,100.0,-0.0,1.0,42.17,0.4,0.76,,34.09,100.0,42.34
31,00201790,All Other Pharmaceut,,BRAND,202612,2026-01-23,-76.23,345520977.11,,94.66,39.57,2.19,93.87,91.07,-141.71,94.21,0.26,43.74,0.66,4.12,,2.05,235.92,55.58
32,00201790,All Other Pharmaceut,,BRAND,202612,2026-01-30,-3.39,9604459.43,,38.69,43.81,13.28,74.84,53.0,100.0,-0.0,1.0,20.4,0.41,0.0,,9.94,100.0,48.81
33,03302043,ABRAXANE,,BRAND,202612,2025-07-18,,0.0,,,100.0,,,,,,,0.0,0.0,0.0,,,,
34,03302043,ABRAXANE,,BRAND,202612,2025-07-25,6.48,8848301.26,,72.68,97.1,100.0,76.88,71.6,100.0,0.0,1.0,26.12,0.25,0.0,,76.88,100.0,70.44
35,03302043,ABRAXANE,,BRAND,202612,2025-08-01,-4.17,14676118.95,,30.01,97.08,100.0,61.4,53.95,100.0,-0.0,1.0,42.86,0.5,0.0,,61.4,100.0,65.07
36,03302043,ABRAXANE,,BRAND,202612,2025-08-08,2.72,20394410.21,,13.51,97.08,100.0,44.66,32.83,100.0,0.0,1.0,71.43,0.85,0.0,,44.66,100.0,59.54
37,03302043,ABRAXANE,,BRAND,202612,2025-08-15,3.22,17691190.88,,18.91,97.06,100.0,55.83,58.9,100.0,0.0,1.0,38.64,0.56,0.0,,55.83,100.0,63.02
38,03302043,ABRAXANE,,BRAND,202612,2025-08-22,-2.9,28668710.13,,10.84,97.08,100.0,64.44,78.08,100.0,-0.0,1.0,35.34,0.46,0.0,,64.44,100.0,66.14
39,03302043,ABRAXANE,,BRAND,202612,2025-08-26,,0.0,,,97.08,,,,,,,0.0,0.0,0.0,,,,
40,03302043,ABRAXANE,,BRAND,202612,2025-08-29,2.69,15918947.18,,17.62,94.16,42.3,77.03,83.74,100.0,0.0,1.0,30.23,0.32,0.0,,32.58,100.0,69.55
41,03302043,ABRAXANE,,BRAND,202612,2025-09-05,2.35,14260095.65,,17.63,87.59,81.84,42.17,36.74,100.0,0.0,1.0,57.5,0.74,0.83,,34.51,100.0,54.39
42,03302043,ABRAXANE,,BRAND,202612,2025-09-12,-1.55,28028462.68,,6.05,80.29,63.87,75.87,40.66,100.0,-0.0,1.0,39.09,0.57,0.91,,48.45,100.0,64.36
43,03302043,ABRAXANE,,BRAND,202612,2025-09-18,-8.38,39925776.38,,23.45,75.18,36.52,48.47,48.39,100.0,-0.0,1.0,67.96,1.17,2.91,,17.7,100.0,53.35
44,03302043,ABRAXANE,,BRAND,202612,2025-09-19,-7.81,24694654.72,,34.12,73.72,34.83,77.5,61.12,100.0,-0.0,1.0,24.75,0.65,0.99,,27.0,100.0,62.65
45,03302043,ABRAXANE,,BRAND,202612,2025-09-26,2.78,5734023.11,,47.22,89.47,85.32,83.14,88.68,100.0,0.0,1.0,26.89,0.48,0.0,,70.93,100.0,70.65
46,03302043,ABRAXANE,,BRAND,202612,2025-10-03,-4.08,24928454.2,,16.37,78.99,73.45,45.41,49.06,100.0,-0.0,1.0,55.96,0.87,1.83,,33.35,100.0,52.65
47,03302043,ABRAXANE,,BRAND,202612,2025-10-10,0.0,0.0,,,80.14,,,,,,,0.0,0.0,0.0,,,,
48,03302043,ABRAXANE,,BRAND,202612,2025-10-17,1.55,34326316.65,,4.63,82.14,76.46,49.18,58.86,100.0,0.0,1.0,66.09,0.69,0.0,,37.6,100.0,54.84
49,03302043,ABRAXANE,,BRAND,202612,2025-10-24,7.61,24873008.52,,29.73,70.71,37.73,58.37,66.32,100.0,0.0,1.0,43.43,0.8,5.05,,22.02,100.0,54.3
50,03302043,ABRAXANE,,BRAND,202612,2025-10-31,2.4,5499948.16,,45.88,82.98,27.69,88.02,56.93,100.0,0.0,1.0,21.37,0.36,0.0,,24.38,100.0,69.61
51,03302043,ABRAXANE,,BRAND,202612,2025-11-07,0.15,12699563.57,,1.33,80.43,70.17,49.06,36.11,100.0,0.0,1.0,62.16,0.8,0.0,,34.42,100.0,54.45
52,03302043,ABRAXANE,,BRAND,202612,2025-11-14,-3.21,11666522.24,,30.3,72.99,52.22,56.62,32.66,100.0,-0.0,1.0,27.0,0.42,0.0,,29.57,100.0,53.26
53,03302043,ABRAXANE,,BRAND,202612,2025-11-19,0.72,36687083.69,,2.05,76.64,59.03,65.54,46.87,100.0,0.0,1.0,62.86,1.03,1.9,,38.69,100.0,60.3
54,03302043,ABRAXANE,,BRAND,202612,2025-11-21,69.94,93517233.19,,79.71,70.29,13.59,91.26,48.07,100.0,0.0,1.0,21.65,0.54,1.03,,12.4,100.0,66.43
55,03302043,ABRAXANE,,BRAND,202612,2025-11-28,-23.38,59010740.82,,71.77,83.21,17.56,92.61,78.05,100.0,-0.0,1.0,35.96,0.53,0.0,,16.27,100.0,72.1
56,03302043,ABRAXANE,,BRAND,202612,2025-12-05,-7.71,53022088.78,,20.18,81.02,74.74,80.2,84.38,100.0,-0.0,1.0,54.05,0.74,0.0,,59.94,100.0,66.95
57,03302043,ABRAXANE,,BRAND,202612,2025-12-12,-0.18,24210556.16,,0.95,70.59,43.68,79.04,74.42,100.0,-0.0,1.0,27.08,0.51,0.0,,34.52,100.0,61.54
58,03302043,ABRAXANE,,BRAND,202612,2025-12-17,22.45,56591178.32,,42.56,74.26,26.88,67.94,79.62,100.0,0.0,1.0,64.36,1.06,0.99,,18.26,100.0,60.41
59,03302043,ABRAXANE,,BRAND,202612,2025-12-19,2.39,20787321.78,,14.72,69.12,40.38,88.88,60.31,100.0,0.0,1.0,28.72,0.87,5.32,,35.89,100.0,66.09
60,03302043,ABRAXANE,,BRAND,202612,2025-12-26,0.92,17608681.46,,6.86,83.82,24.17,89.44,60.39,100.0,0.0,1.0,19.3,0.44,0.88,,21.62,100.0,70.77
61,03302043,ABRAXANE,,BRAND,202612,2026-01-02,26.15,35537131.07,,97.23,87.59,88.67,66.75,52.82,9.1,88.24,-0.7,48.33,0.8,0.83,,59.19,79.14,64.39
62,03302043,ABRAXANE,,BRAND,202612,2026-01-09,-0.46,4953345.53,,15.45,78.83,32.9,87.45,88.78,100.0,-0.0,1.0,14.81,0.33,0.0,,28.77,100.0,67.61
63,03302043,ABRAXANE,,BRAND,202612,2026-01-16,0.13,6754468.67,,3.14,85.07,62.98,74.62,55.03,100.0,0.0,1.0,19.3,0.43,0.0,,46.99,100.0,65.3
64,03302043,ABRAXANE,,BRAND,202612,2026-01-23,1.96,80437203.0,,3.2,76.12,55.24,54.75,66.74,-1004.42,1174.99,0.33,39.22,0.95,1.96,,30.25,2179.41,55.51
65,03302043,ABRAXANE,,BRAND,202612,2026-01-30,-20.02,85116097.93,,39.23,73.88,19.43,70.94,81.25,100.0,-0.0,1.0,25.25,0.59,0.0,,13.79,100.0,59.89
66,03302101,REVLIMID,,BRAND,202612,2025-07-18,,0.0,,,100.0,,,,,,,0.0,0.0,0.0,,,,
67,03302101,REVLIMID,,BRAND,202612,2025-07-25,-9.74,6131980.79,,45.93,99.77,100.0,63.79,55.87,100.0,-0.0,1.0,20.02,0.2,0.0,,63.79,100.0,66.09
68,03302101,REVLIMID,,BRAND,202612,2025-08-01,-0.89,2653641.43,,8.81,99.77,100.0,46.72,25.83,100.0,-0.0,1.0,21.88,0.26,0.0,,46.72,100.0,59.46
69,03302101,REVLIMID,,BRAND,202612,2025-08-08,-5.33,8066822.15,,17.14,99.77,100.0,23.39,22.95,100.0,-0.0,1.0,54.74,0.63,0.0,,23.39,100.0,51.35
70,03302101,REVLIMID,,BRAND,202612,2025-08-15,41.59,14986528.08,,68.16,99.77,100.0,55.3,39.58,100.0,0.0,1.0,31.52,0.4,0.0,,55.3,100.0,63.34
71,03302101,REVLIMID,,BRAND,202612,2025-08-22,2.26,5571195.82,,14.62,99.66,100.0,60.98,56.18,100.0,0.0,1.0,22.07,0.3,0.0,,60.98,100.0,65.27
72,03302101,REVLIMID,,BRAND,202612,2025-08-26,,0.0,,,99.66,,,,,,,0.0,0.0,0.0,,,,
73,03302101,REVLIMID,,BRAND,202612,2025-08-29,0.84,4116423.05,,7.56,96.09,66.27,40.55,26.16,100.0,0.0,1.0,19.74,0.23,0.0,,26.87,100.0,55.41
74,03302101,REVLIMID,,BRAND,202612,2025-09-05,-23.74,11854308.97,,74.48,87.89,76.94,57.39,39.44,100.0,-0.0,1.0,40.42,0.54,1.31,,44.16,100.0,59.92
75,03302101,REVLIMID,,BRAND,202612,2025-09-12,-8.82,4401863.99,,55.32,89.01,36.81,63.93,57.05,100.0,-0.0,1.0,16.16,0.31,0.39,,23.53,100.0,62.2
76,03302101,REVLIMID,,BRAND,202612,2025-09-18,-32.24,15710544.81,,75.51,84.82,68.27,60.93,48.75,100.0,-0.0,1.0,49.79,0.77,0.83,,41.6,100.0,60.85
77,03302101,REVLIMID,,BRAND,202612,2025-09-19,-2.16,4321127.03,,12.57,84.12,47.76,37.15,19.11,100.0,-0.0,1.0,20.84,0.5,0.98,,17.74,100.0,50.18
78,03302101,REVLIMID,,BRAND,202612,2025-09-26,0.36,1539986.96,,5.78,92.45,58.24,43.58,26.12,100.0,0.0,1.0,13.88,0.26,0.52,,25.38,100.0,55.28
79,03302101,REVLIMID,,BRAND,202612,2025-10-03,1.64,4979648.9,,8.15,90.06,60.2,31.2,21.78,100.0,0.0,1.0,41.92,0.57,0.66,,18.78,100.0,50.39
80,03302101,REVLIMID,,BRAND,202612,2025-10-10,0.0,0.0,,,91.43,,,,,,,0.0,0.0,0.0,,,,
81,03302101,REVLIMID,,BRAND,202612,2025-10-17,4.53,7081134.19,,15.92,88.15,69.61,26.44,16.74,100.0,0.0,1.0,51.66,0.58,0.0,,18.41,100.0,47.76
82,03302101,REVLIMID,,BRAND,202612,2025-10-24,8.29,6096456.04,,34.14,81.74,52.68,35.46,27.44,100.0,0.0,1.0,28.02,0.62,1.71,,18.68,100.0,48.96
83,03302101,REVLIMID,,BRAND,202612,2025-10-31,-4.13,4353692.7,,25.84,88.24,63.71,28.65,26.93,100.0,-0.0,1.0,22.22,0.42,1.05,,18.25,100.0,48.16
84,03302101,REVLIMID,,BRAND,202612,2025-11-07,-0.84,4097475.21,,5.38,87.3,46.68,33.63,41.34,100.0,-0.0,1.0,39.68,0.59,1.46,,15.7,100.0,50.33
85,03302101,REVLIMID,,BRAND,202612,2025-11-14,154.89,42792505.5,,94.22,87.79,12.35,88.76,86.72,100.0,0.0,1.0,22.65,0.37,0.66,,10.96,100.0,71.84
86,03302101,REVLIMID,,BRAND,202612,2025-11-19,22.22,11713525.47,,48.89,78.46,51.34,20.47,19.27,100.0,0.0,1.0,55.64,0.91,1.78,,10.51,100.0,42.59
87,03302101,REVLIMID,,BRAND,202612,2025-11-21,43.48,30918537.09,,93.28,81.14,6.35,89.54,91.36,100.0,0.0,1.0,22.09,0.56,1.72,,5.68,100.0,70.14
88,03302101,REVLIMID,,BRAND,202612,2025-11-28,-1.57,3385829.65,,44.2,93.58,51.8,57.66,46.45,100.0,-0.0,1.0,19.7,0.34,0.62,,29.87,100.0,61.63
89,03302101,REVLIMID,,BRAND,202612,2025-12-05,-69.35,69484121.11,,93.41,87.26,5.14,92.35,90.95,100.0,-0.0,1.0,47.43,0.69,0.27,,4.75,100.0,74.16
90,03302101,REVLIMID,,BRAND,202612,2025-12-12,2360.9,681437126.8,,99.4,85.29,0.51,99.43,99.36,100.0,0.0,1.0,16.0,0.3,0.28,,0.51,100.0,74.9
91,03302101,REVLIMID,,BRAND,202612,2025-12-17,2121.2,683140862.0,,98.74,84.32,0.7,99.03,99.08,100.0,0.0,1.0,54.13,0.81,0.7,,0.69,100.0,76.04
92,03302101,REVLIMID,,BRAND,202612,2025-12-19,0.1,1393420.69,,52.05,83.59,31.2,33.9,44.72,100.0,0.0,1.0,13.7,0.4,1.69,,10.58,100.0,48.31
93,03302101,REVLIMID,,BRAND,202612,2025-12-26,-0.22,2608201.5,,58.65,95.1,95.18,51.17,31.48,100.0,-0.0,1.0,13.58,0.2,0.75,,48.7,100.0,59.19
94,03302101,REVLIMID,,BRAND,202612,2026-01-02,116.15,826057663.22,,99.08,93.44,99.84,98.21,98.27,-0.15,100.24,-0.99,62.37,0.54,0.51,,98.06,100.39,78.47
95,03302101,REVLIMID,,BRAND,202612,2026-01-09,-97.93,1493309215.67,,99.91,86.77,0.2,99.57,99.46,100.0,-0.0,1.0,15.93,0.29,0.27,,0.2,100.0,75.5
96,03302101,REVLIMID,,BRAND,202612,2026-01-16,29.74,12344771.44,,75.31,86.69,46.16,48.66,37.45,100.0,0.0,1.0,24.07,0.38,0.0,,22.46,100.0,55.39
97,03302101,REVLIMID,,BRAND,202612,2026-01-23,-94.07,697437772.5,,95.15,78.51,2.53,97.48,97.65,101.79,-123.59,-0.09,56.73,0.94,0.76,,2.47,225.37,73.54
98,03302101,REVLIMID,,BRAND,202612,2026-01-30,0.0,12141459.53,,0.01,77.62,24.18,33.12,36.25,100.0,0.0,1.0,24.96,0.65,0.0,,8.01,100.0,46.46
99,00201790,All Other Pharmaceut,FIN,BRAND_MATERIAL_TYPE,202612,2025-07-18,,,0.0,,100.0,,,,,,,0.0,0.0,0.0,,,,
100,00201790,All Other Pharmaceut,FIN,BRAND_MATERIAL_TYPE,202612,2025-07-25,,,0.0,,3.23,,,,,,,0.0,0.0,0.0,-0.0,,,
101,00201790,All Other Pharmaceut,FIN,BRAND_MATERIAL_TYPE,202612,2025-08-01,,,0.0,,3.23,,,,,,,0.0,0.0,0.0,-0.0,,,
102,00201790,All Other Pharmaceut,FIN,BRAND_MATERIAL_TYPE,202612,2025-08-08,,,0.0,,3.23,,,,,,,0.0,0.0,0.0,0.0,,,
103,00201790,All Other Pharmaceut,FIN,BRAND_MATERIAL_TYPE,202612,2025-08-15,,,0.0,,3.23,,,,,,,0.0,0.0,0.0,-0.0,,,
104,00201790,All Other Pharmaceut,FIN,BRAND_MATERIAL_TYPE,202612,2025-08-22,,,0.0,,3.23,,,,,,,0.0,0.0,0.0,-0.0,,,
105,00201790,All Other Pharmaceut,FIN,BRAND_MATERIAL_TYPE,202612,2025-08-26,,,0.0,,3.23,,,,,,,0.0,0.0,0.0,,,,
106,00201790,All Other Pharmaceut,FIN,BRAND_MATERIAL_TYPE,202612,2025-08-29,,,0.0,,3.23,,,,,,,0.0,0.0,0.0,0.0,,,
107,00201790,All Other Pharmaceut,FIN,BRAND_MATERIAL_TYPE,202612,2025-09-05,,,0.0,,3.23,,,,,,,0.0,0.0,0.0,-0.0,,,
108,00201790,All Other Pharmaceut,FIN,BRAND_MATERIAL_TYPE,202612,2025-09-12,,,0.0,,3.23,,,,,,,0.0,0.0,0.0,-0.0,,,
109,00201790,All Other Pharmaceut,FIN,BRAND_MATERIAL_TYPE,202612,2025-09-18,,,0.0,,6.25,,,,,,,0.0,0.0,0.0,0.0,,,
110,00201790,All Other Pharmaceut,FIN,BRAND_MATERIAL_TYPE,202612,2025-09-19,-100.0,,54.97,100.0,3.12,0.0,100.0,100.0,100.0,-0.0,1.0,0.0,0.03,0.0,0.01,0.0,100.0,41.35
111,00201790,All Other Pharmaceut,FIN,BRAND_MATERIAL_TYPE,202612,2025-09-26,,,0.0,,100.0,,,,,,,0.0,0.0,0.0,-0.0,,,
112,00201790,All Other Pharmaceut,FIN,BRAND_MATERIAL_TYPE,202612,2025-10-03,,,0.0,,11.11,,,,,,,0.0,0.0,0.0,-0.0,,,
113,00201790,All Other Pharmaceut,FIN,BRAND_MATERIAL_TYPE,202612,2025-10-10,,,0.0,,3.33,,,,,,,0.0,0.0,0.0,,,,
114,00201790,All Other Pharmaceut,FIN,BRAND_MATERIAL_TYPE,202612,2025-10-17,-100.0,,54.97,100.0,0.0,0.0,100.0,100.0,100.0,-0.0,1.0,,0.03,,0.01,0.0,100.0,40.11
115,00201790,All Other Pharmaceut,FIN,BRAND_MATERIAL_TYPE,202612,2025-10-24,,,0.0,,3.33,,,,,,,0.0,0.0,0.0,-0.0,,,
116,00201790,All Other Pharmaceut,FIN,BRAND_MATERIAL_TYPE,202612,2025-10-31,,,0.0,,3.33,,,,,,,0.0,0.0,0.0,0.0,,,
117,00201790,All Other Pharmaceut,FIN,BRAND_MATERIAL_TYPE,202612,2025-11-07,,,0.0,,5.88,,,,,,,0.0,0.0,0.0,0.0,,,
118,00201790,All Other Pharmaceut,FIN,BRAND_MATERIAL_TYPE,202612,2025-11-14,,,0.0,,5.88,,,,,,,0.0,0.0,0.0,-0.0,,,
119,00201790,All Other Pharmaceut,FIN,BRAND_MATERIAL_TYPE,202612,2025-11-19,,,0.0,,5.88,,,,,,,0.0,0.0,0.0,0.0,,,
120,00201790,All Other Pharmaceut,FIN,BRAND_MATERIAL_TYPE,202612,2025-11-21,,,0.0,,5.88,,,,,,,0.0,0.0,0.0,0.0,,,
121,00201790,All Other Pharmaceut,FIN,BRAND_MATERIAL_TYPE,202612,2025-11-28,100.0,,5.5,100.0,0.0,0.0,100.0,100.0,100.0,0.0,1.0,,0.06,,-0.0,0.0,100.0,40.2
122,00201790,All Other Pharmaceut,FIN,BRAND_MATERIAL_TYPE,202612,2025-12-05,,,0.0,,5.88,,,,,,,0.0,0.0,0.0,-0.0,,,
123,00201790,All Other Pharmaceut,FIN,BRAND_MATERIAL_TYPE,202612,2025-12-12,,,0.0,,5.88,,,,,,,0.0,0.0,0.0,0.0,,,
124,00201790,All Other Pharmaceut,FIN,BRAND_MATERIAL_TYPE,202612,2025-12-17,100.0,,401.25,100.0,0.0,0.0,100.0,100.0,100.0,0.0,1.0,,0.06,,-0.0,0.0,100.0,40.2
125,00201790,All Other Pharmaceut,FIN,BRAND_MATERIAL_TYPE,202612,2025-12-19,100.0,,395.76,100.0,0.0,0.0,100.0,100.0,100.0,0.0,1.0,,0.12,,0.0,0.0,100.0,40.39
126,00201790,All Other Pharmaceut,FIN,BRAND_MATERIAL_TYPE,202612,2025-12-26,,,0.0,,5.88,,,,,,,0.0,0.0,0.0,0.0,,,
127,00201790,All Other Pharmaceut,FIN,BRAND_MATERIAL_TYPE,202612,2026-01-02,,,0.0,,5.88,,,,,,,0.0,0.0,0.0,0.0,,,
128,00201790,All Other Pharmaceut,FIN,BRAND_MATERIAL_TYPE,202612,2026-01-09,,,0.0,,5.88,,,,,,,0.0,0.0,0.0,-0.0,,,
129,00201790,All Other Pharmaceut,FIN,BRAND_MATERIAL_TYPE,202612,2026-01-16,,,0.0,,0.0,,,,,,,,0.0,,-0.0,,,
130,00201790,All Other Pharmaceut,FIN,BRAND_MATERIAL_TYPE,202612,2026-01-23,,,0.0,,0.0,,,,,,,,0.0,,-0.0,,,
131,00201790,All Other Pharmaceut,FIN,BRAND_MATERIAL_TYPE,202612,2026-01-30,,,0.0,,0.0,,,,,,,,0.0,,-0.0,,,
132,00201790,All Other Pharmaceut,HALB,BRAND_MATERIAL_TYPE,202612,2025-07-18,,,0.0,,100.0,,,,,,,0.0,0.0,0.0,,,,
133,00201790,All Other Pharmaceut,HALB,BRAND_MATERIAL_TYPE,202612,2025-07-25,-82.54,,623014.28,82.54,80.32,100.0,89.8,41.69,100.0,-0.0,1.0,17.22,0.15,0.0,445.63,89.8,100.0,68.54
134,00201790,All Other Pharmaceut,HALB,BRAND_MATERIAL_TYPE,202612,2025-08-01,20.15,,290306.33,20.15,80.27,100.0,83.19,43.79,100.0,0.0,1.0,13.62,0.17,0.0,-26.52,83.19,100.0,65.93
135,00201790,All Other Pharmaceut,HALB,BRAND_MATERIAL_TYPE,202612,2025-08-08,87.98,,6655531.05,87.98,80.68,100.0,97.41,68.69,100.0,0.0,1.0,19.42,0.21,0.0,30.75,97.41,100.0,71.92
136,00201790,All Other Pharmaceut,HALB,BRAND_MATERIAL_TYPE,202612,2025-08-15,-83.12,,4996647.86,83.12,81.22,100.0,99.06,91.49,100.0,-0.0,1.0,18.12,0.2,0.0,68.62,99.06,100.0,72.76
137,00201790,All Other Pharmaceut,HALB,BRAND_MATERIAL_TYPE,202612,2025-08-22,12.22,,284089.91,12.22,80.9,100.0,84.76,50.51,100.0,0.0,1.0,20.19,0.23,0.0,-2.16,84.76,100.0,67.05
138,00201790,All Other Pharmaceut,HALB,BRAND_MATERIAL_TYPE,202612,2025-08-26,,,0.0,,81.19,,,,,,,0.0,0.0,0.0,,,,
139,00201790,All Other Pharmaceut,HALB,BRAND_MATERIAL_TYPE,202612,2025-08-29,24.05,,710603.1,24.05,76.92,79.94,86.26,52.57,100.0,0.0,1.0,14.19,0.15,0.0,4.96,68.96,100.0,65.77
140,00201790,All Other Pharmaceut,HALB,BRAND_MATERIAL_TYPE,202612,2025-09-05,-69.59,,242680.7,69.59,77.4,45.87,93.93,51.39,100.0,-0.0,1.0,12.7,0.18,0.0,4.76,43.08,100.0,69.12
141,00201790,All Other Pharmaceut,HALB,BRAND_MATERIAL_TYPE,202612,2025-09-12,-18.77,,1199235.43,18.77,75.3,98.7,84.84,86.11,100.0,-0.0,1.0,12.54,0.21,0.0,14.43,83.74,100.0,64.77
142,00201790,All Other Pharmaceut,HALB,BRAND_MATERIAL_TYPE,202612,2025-09-18,-60.27,,2671480.72,60.27,77.44,69.03,81.92,89.06,100.0,-0.0,1.0,17.72,0.42,0.3,-14.96,56.55,100.0,65.13
143,00201790,All Other Pharmaceut,HALB,BRAND_MATERIAL_TYPE,202612,2025-09-19,-51.95,,598316.28,51.95,75.58,55.33,80.78,99.6,100.0,-0.0,1.0,11.38,0.34,0.0,67.02,44.7,100.0,63.69
144,00201790,All Other Pharmaceut,HALB,BRAND_MATERIAL_TYPE,202612,2025-09-26,84.97,,947470.93,84.97,93.6,92.52,99.33,99.54,100.0,0.0,1.0,11.73,0.24,0.0,-365.34,91.9,100.0,77.98
145,00201790,All Other Pharmaceut,HALB,BRAND_MATERIAL_TYPE,202612,2025-10-03,-19.01,,1677367.25,19.01,81.26,99.47,94.47,59.84,100.0,-0.0,1.0,9.92,0.17,0.0,106.97,93.97,100.0,70.85
146,00201790,All Other Pharmaceut,HALB,BRAND_MATERIAL_TYPE,202612,2025-10-10,,,0.0,,78.01,,,,,,,0.0,0.0,0.0,,,,
147,00201790,All Other Pharmaceut,HALB,BRAND_MATERIAL_TYPE,202612,2025-10-17,-40.41,,1889774.26,40.41,73.41,98.57,89.72,54.82,100.0,-0.0,1.0,19.23,0.23,0.0,140.93,88.44,100.0,66.02
148,00201790,All Other Pharmaceut,HALB,BRAND_MATERIAL_TYPE,202612,2025-10-24,-95.19,,1315359.84,95.19,73.78,94.2,93.67,64.72,100.0,-0.0,1.0,13.52,0.3,0.31,254.44,88.23,100.0,67.98
149,00201790,All Other Pharmaceut,HALB,BRAND_MATERIAL_TYPE,202612,2025-10-31,-50.17,,1578899.04,50.17,75.59,92.94,99.16,74.7,100.0,-0.0,1.0,8.07,0.19,0.0,-38.61,92.16,100.0,70.52
150,00201790,All Other Pharmaceut,HALB,BRAND_MATERIAL_TYPE,202612,2025-11-07,49.18,,3869248.33,49.18,75.18,63.22,95.38,51.97,100.0,0.0,1.0,9.48,0.21,0.33,69.36,60.29,100.0,68.92
151,00201790,All Other Pharmaceut,HALB,BRAND_MATERIAL_TYPE,202612,2025-11-14,-33.7,,592157.55,33.7,74.44,28.5,95.28,65.47,100.0,-0.0,1.0,9.33,0.18,0.0,11.43,27.15,100.0,68.48
152,00201790,All Other Pharmaceut,HALB,BRAND_MATERIAL_TYPE,202612,2025-11-19,30.7,,2768886.21,30.7,73.32,97.76,86.23,72.63,100.0,0.0,1.0,21.09,0.39,0.34,0.88,84.3,100.0,65.12
153,00201790,All Other Pharmaceut,HALB,BRAND_MATERIAL_TYPE,202612,2025-11-21,-13.75,,206244.35,13.75,75.37,93.96,92.33,56.78,100.0,-0.0,1.0,6.6,0.21,0.0,-0.03,86.75,100.0,67.77
154,00201790,All Other Pharmaceut,HALB,BRAND_MATERIAL_TYPE,202612,2025-11-28,75.27,,241734.58,75.27,76.32,97.0,93.98,61.36,100.0,0.0,1.0,9.09,0.2,0.0,-0.17,91.15,100.0,68.8
155,00201790,All Other Pharmaceut,HALB,BRAND_MATERIAL_TYPE,202612,2025-12-05,98.09,,1164332.25,98.09,78.91,89.25,93.64,74.64,100.0,0.0,1.0,9.77,0.2,0.57,-80.99,83.57,100.0,69.68
156,00201790,All Other Pharmaceut,HALB,BRAND_MATERIAL_TYPE,202612,2025-12-12,-79.46,,296427.35,79.46,77.35,68.51,81.51,59.78,100.0,-0.0,1.0,13.04,0.21,0.58,-24.81,55.84,100.0,64.24
157,00201790,All Other Pharmaceut,HALB,BRAND_MATERIAL_TYPE,202612,2025-12-17,71.77,,1344506.83,71.77,77.18,92.31,84.83,64.64,100.0,0.0,1.0,14.78,0.3,0.58,-0.88,78.31,100.0,65.81
158,00201790,All Other Pharmaceut,HALB,BRAND_MATERIAL_TYPE,202612,2025-12-19,-89.05,,2093241.13,89.05,76.56,99.57,97.39,91.78,100.0,-0.0,1.0,11.95,0.23,0.87,-0.21,96.97,100.0,70.35
159,00201790,All Other Pharmaceut,HALB,BRAND_MATERIAL_TYPE,202612,2025-12-26,-31.6,,367343.82,31.6,77.75,74.6,85.67,45.22,100.0,-0.0,1.0,14.74,0.29,0.58,-0.72,63.91,100.0,66.34
160,00201790,All Other Pharmaceut,HALB,BRAND_MATERIAL_TYPE,202612,2026-01-02,82.76,,1299216.67,82.76,81.54,98.08,91.1,80.27,8.71,93.41,-0.79,30.37,0.22,0.29,17.95,89.34,84.7,69.8
161,00201790,All Other Pharmaceut,HALB,BRAND_MATERIAL_TYPE,202612,2026-01-09,-63.32,,241745.25,63.32,79.95,80.12,90.77,69.54,100.0,-0.0,1.0,8.83,0.21,0.0,1.29,72.72,100.0,68.99
162,00201790,All Other Pharmaceut,HALB,BRAND_MATERIAL_TYPE,202612,2026-01-16,-69.58,,5255705.58,69.58,70.38,22.88,77.03,48.84,100.0,-0.0,1.0,13.47,0.31,0.0,19.04,17.62,100.0,60.01
163,00201790,All Other Pharmaceut,HALB,BRAND_MATERIAL_TYPE,202612,2026-01-23,-70.88,,6955012.44,70.88,66.27,25.16,75.16,51.0,119.61,-29.7,0.96,32.62,0.56,0.0,1.51,18.91,149.31,58.44
164,00201790,All Other Pharmaceut,HALB,BRAND_MATERIAL_TYPE,202612,2026-01-30,-0.27,,1752032.21,0.27,78.18,34.87,88.42,60.91,100.0,-0.0,1.0,8.9,0.21,0.0,0.13,30.83,100.0,67.33
165,00201790,All Other Pharmaceut,HIBE,BRAND_MATERIAL_TYPE,202612,2025-07-18,,,0.0,,100.0,,,,,,,0.0,0.0,0.0,,,,
166,00201790,All Other Pharmaceut,HIBE,BRAND_MATERIAL_TYPE,202612,2025-07-25,14.48,,405523.79,14.48,100.0,100.0,76.73,92.45,100.0,0.0,1.0,23.93,0.24,0.0,-50.87,76.73,100.0,71.49
167,00201790,All Other Pharmaceut,HIBE,BRAND_MATERIAL_TYPE,202612,2025-08-01,-44.09,,241385.97,44.09,100.0,100.0,79.04,100.0,100.0,-0.0,1.0,32.48,0.44,0.0,48.26,79.04,100.0,73.1
168,00201790,All Other Pharmaceut,HIBE,BRAND_MATERIAL_TYPE,202612,2025-08-08,-22.84,,520298.8,22.84,100.0,100.0,82.3,99.65,100.0,-0.0,1.0,27.61,0.45,0.0,-0.62,82.3,100.0,74.41
169,00201790,All Other Pharmaceut,HIBE,BRAND_MATERIAL_TYPE,202612,2025-08-15,39.74,,651144.39,39.74,99.26,100.0,79.67,74.85,100.0,0.0,1.0,34.33,0.48,0.0,-4.28,79.67,100.0,73.18
170,00201790,All Other Pharmaceut,HIBE,BRAND_MATERIAL_TYPE,202612,2025-08-22,-66.48,,659666.32,66.48,99.26,100.0,69.84,85.31,100.0,-0.0,1.0,40.3,0.6,0.0,27.23,69.84,100.0,69.64
171,00201790,All Other Pharmaceut,HIBE,BRAND_MATERIAL_TYPE,202612,2025-08-26,,,0.0,,99.26,,,,,,,0.0,0.0,0.0,,,,
172,00201790,All Other Pharmaceut,HIBE,BRAND_MATERIAL_TYPE,202612,2025-08-29,-2.33,,571561.87,2.33,96.3,99.81,68.62,83.81,100.0,-0.0,1.0,40.77,0.42,0.0,-0.39,68.49,100.0,67.37
173,00201790,All Other Pharmaceut,HIBE,BRAND_MATERIAL_TYPE,202612,2025-09-05,78.91,,716994.79,78.91,94.16,98.71,94.34,98.05,100.0,0.0,1.0,24.81,0.36,1.55,-15.93,93.13,100.0,76.59
174,00201790,All Other Pharmaceut,HIBE,BRAND_MATERIAL_TYPE,202612,2025-09-12,-92.25,,2115929.4,92.25,89.93,78.01,88.49,99.99,100.0,-0.0,1.0,28.0,0.47,0.8,125.13,69.04,100.0,72.93
175,00201790,All Other Pharmaceut,HIBE,BRAND_MATERIAL_TYPE,202612,2025-09-18,-93.74,,1583967.26,93.74,82.01,16.46,80.09,97.49,100.0,-0.0,1.0,38.6,0.86,3.51,-13.79,13.18,100.0,67.69
176,00201790,All Other Pharmaceut,HIBE,BRAND_MATERIAL_TYPE,202612,2025-09-19,-10.37,,336883.08,10.37,86.33,47.99,67.86,87.72,100.0,-0.0,1.0,22.5,0.68,2.5,7.53,32.57,100.0,63.95
177,00201790,All Other Pharmaceut,HIBE,BRAND_MATERIAL_TYPE,202612,2025-09-26,-36.56,,990604.49,36.56,92.81,75.23,56.06,54.04,100.0,-0.0,1.0,40.31,0.67,1.55,164.36,42.17,100.0,61.78
178,00201790,All Other Pharmaceut,HIBE,BRAND_MATERIAL_TYPE,202612,2025-10-03,-47.88,,531763.13,47.88,89.78,79.64,57.53,87.7,100.0,-0.0,1.0,34.96,0.64,0.81,85.43,45.82,100.0,61.04
179,00201790,All Other Pharmaceut,HIBE,BRAND_MATERIAL_TYPE,202612,2025-10-10,,,0.0,,95.62,,,,,,,0.0,0.0,0.0,,,,
180,00201790,All Other Pharmaceut,HIBE,BRAND_MATERIAL_TYPE,202612,2025-10-17,-32.89,,1324841.89,32.89,84.14,78.72,45.31,56.83,100.0,-0.0,1.0,52.46,0.59,0.0,80.41,35.67,100.0,53.76
181,00201790,All Other Pharmaceut,HIBE,BRAND_MATERIAL_TYPE,202612,2025-10-24,24.84,,885243.6,24.84,85.62,67.61,52.51,57.24,100.0,0.0,1.0,36.0,0.74,3.2,-44.69,35.51,100.0,57.72
182,00201790,All Other Pharmaceut,HIBE,BRAND_MATERIAL_TYPE,202612,2025-10-31,-11.29,,546509.6,11.29,93.15,65.59,71.71,81.95,100.0,-0.0,1.0,25.0,0.5,1.47,-3.01,47.03,100.0,67.61
183,00201790,All Other Pharmaceut,HIBE,BRAND_MATERIAL_TYPE,202612,2025-11-07,-16.36,,608934.29,16.36,94.56,96.25,54.38,77.21,100.0,-0.0,1.0,41.73,0.69,1.44,-3.63,52.34,100.0,61.87
184,00201790,All Other Pharmaceut,HIBE,BRAND_MATERIAL_TYPE,202612,2025-11-14,26.46,,966372.32,26.46,91.89,91.25,75.69,50.09,100.0,0.0,1.0,34.56,0.61,2.21,-14.64,69.07,100.0,69.08
185,00201790,All Other Pharmaceut,HIBE,BRAND_MATERIAL_TYPE,202612,2025-11-19,8.11,,1543986.33,8.11,87.84,64.45,50.37,60.56,100.0,0.0,1.0,43.85,0.95,4.62,0.13,32.47,100.0,58.46
186,00201790,All Other Pharmaceut,HIBE,BRAND_MATERIAL_TYPE,202612,2025-11-21,28.21,,536038.77,28.21,87.84,81.19,76.78,72.48,100.0,0.0,1.0,30.0,0.67,2.31,0.16,62.34,100.0,68.08
187,00201790,All Other Pharmaceut,HIBE,BRAND_MATERIAL_TYPE,202612,2025-11-28,-82.44,,737660.9,82.44,93.92,90.79,63.6,78.72,100.0,-0.0,1.0,40.29,0.7,3.6,0.56,57.75,100.0,65.35
188,00201790,All Other Pharmaceut,HIBE,BRAND_MATERIAL_TYPE,202612,2025-12-05,28.81,,701601.5,28.81,89.86,97.44,50.03,79.72,100.0,0.0,1.0,41.35,0.91,4.51,-14.34,48.75,100.0,58.97
189,00201790,All Other Pharmaceut,HIBE,BRAND_MATERIAL_TYPE,202612,2025-12-12,54.73,,989646.37,54.73,91.89,89.63,67.78,75.02,100.0,0.0,1.0,26.47,0.66,1.47,57.05,60.75,100.0,66.08
190,00201790,All Other Pharmaceut,HIBE,BRAND_MATERIAL_TYPE,202612,2025-12-17,-0.8,,1469600.29,0.8,88.51,68.03,51.94,66.08,100.0,-0.0,1.0,51.91,1.13,1.53,0.01,35.33,100.0,59.94
191,00201790,All Other Pharmaceut,HIBE,BRAND_MATERIAL_TYPE,202612,2025-12-19,58.58,,1940657.61,58.58,80.41,78.26,80.61,93.59,100.0,0.0,1.0,29.41,0.86,0.0,0.13,63.08,100.0,67.27
192,00201790,All Other Pharmaceut,HIBE,BRAND_MATERIAL_TYPE,202612,2025-12-26,77.24,,973302.79,77.24,89.58,92.05,92.72,93.42,100.0,0.0,1.0,22.48,0.53,0.78,4.67,85.34,100.0,74.68
193,00201790,All Other Pharmaceut,HIBE,BRAND_MATERIAL_TYPE,202612,2026-01-02,19.39,,1358910.81,19.39,90.97,53.1,66.98,75.99,-138.97,250.86,0.03,67.94,0.54,1.53,4.4,35.57,389.83,64.99
194,00201790,All Other Pharmaceut,HIBE,BRAND_MATERIAL_TYPE,202612,2026-01-09,-48.15,,395051.89,48.15,94.44,92.05,55.66,57.99,100.0,-0.0,1.0,38.97,0.7,0.0,1.6,51.23,100.0,62.38
195,00201790,All Other Pharmaceut,PACK,BRAND_MATERIAL_TYPE,202612,2025-07-18,,,0.0,,100.0,,,,,,,0.0,0.0,0.0,,,,
196,00201790,All Other Pharmaceut,PACK,BRAND_MATERIAL_TYPE,202612,2025-07-25,90.61,,153245.6,90.61,32.86,100.0,99.88,95.31,100.0,0.0,1.0,4.35,0.01,0.0,-120.33,99.88,100.0,53.14
197,00201790,All Other Pharmaceut,PACK,BRAND_MATERIAL_TYPE,202612,2025-08-01,-94.35,,498108.63,94.35,32.86,100.0,99.75,84.34,100.0,-0.0,1.0,5.31,0.02,0.0,213.11,99.75,100.0,53.12
198,00201790,All Other Pharmaceut,PACK,BRAND_MATERIAL_TYPE,202612,2025-08-08,98.03,,15640805.94,98.03,32.86,100.0,93.49,95.2,100.0,0.0,1.0,29.47,0.1,0.0,80.53,93.49,100.0,50.88
199,00201790,All Other Pharmaceut,PACK,BRAND_MATERIAL_TYPE,202612,2025-08-15,-57.19,,1904675.18,57.19,32.96,100.0,91.49,84.35,100.0,-0.0,1.0,25.96,0.11,0.0,18.0,91.49,100.0,50.16
200,00201790,All Other Pharmaceut,PACK,BRAND_MATERIAL_TYPE,202612,2025-08-22,7.26,,178443.99,7.26,32.96,100.0,68.65,53.01,100.0,0.0,1.0,25.0,0.13,0.0,-0.8,68.65,100.0,41.09
201,00201790,All Other Pharmaceut,PACK,BRAND_MATERIAL_TYPE,202612,2025-08-26,,,0.0,,33.07,,,,,,,0.0,0.0,0.0,,,,
202,00201790,All Other Pharmaceut,PACK,BRAND_MATERIAL_TYPE,202612,2025-08-29,96.6,,2171681.42,96.6,32.28,83.93,98.27,84.55,100.0,0.0,1.0,24.02,0.08,0.0,60.9,82.48,100.0,52.5
203,00201790,All Other Pharmaceut,PACK,BRAND_MATERIAL_TYPE,202612,2025-09-05,-97.02,,3752623.08,97.02,31.44,44.37,95.27,98.26,100.0,-0.0,1.0,19.6,0.11,2.51,102.52,42.27,100.0,51.06
204,00201790,All Other Pharmaceut,PACK,BRAND_MATERIAL_TYPE,202612,2025-09-12,-80.76,,1081910.89,80.76,31.07,53.33,95.64,99.06,100.0,-0.0,1.0,20.3,0.13,3.05,56.01,51.01,100.0,51.13
205,00201790,All Other Pharmaceut,PACK,BRAND_MATERIAL_TYPE,202612,2025-09-18,-56.03,,5211778.0,56.03,27.63,88.45,78.82,70.45,100.0,-0.0,1.0,57.95,0.3,0.57,-27.13,69.72,100.0,43.6
206,00201790,All Other Pharmaceut,PACK,BRAND_MATERIAL_TYPE,202612,2025-09-19,-24.53,,2021713.45,24.53,25.9,75.17,74.92,56.77,100.0,-0.0,1.0,49.7,0.4,0.61,106.95,56.32,100.0,41.66
207,00201790,All Other Pharmaceut,PACK,BRAND_MATERIAL_TYPE,202612,2025-09-26,88.3,,1321291.45,88.3,93.27,93.33,92.36,99.02,100.0,0.0,1.0,34.02,0.69,0.0,-529.47,86.2,100.0,76.56
208,00201790,All Other Pharmaceut,PACK,BRAND_MATERIAL_TYPE,202612,2025-10-03,-39.72,,765300.68,39.72,52.59,64.89,78.27,72.16,100.0,-0.0,1.0,13.14,0.15,0.0,102.0,50.79,100.0,52.86
209,00201790,All Other Pharmaceut,PACK,BRAND_MATERIAL_TYPE,202612,2025-10-10,,,0.0,,31.24,,,,,,,0.0,0.0,0.0,,,,
210,00201790,All Other Pharmaceut,PACK,BRAND_MATERIAL_TYPE,202612,2025-10-17,43.72,,1480656.74,43.72,31.35,89.93,59.16,77.67,100.0,0.0,1.0,56.5,0.21,0.0,-119.47,53.21,100.0,36.89
211,00201790,All Other Pharmaceut,PACK,BRAND_MATERIAL_TYPE,202612,2025-10-24,-30.19,,816065.94,30.19,30.38,81.7,56.15,82.51,100.0,-0.0,1.0,40.7,0.27,2.01,50.06,45.88,100.0,35.51
212,00201790,All Other Pharmaceut,PACK,BRAND_MATERIAL_TYPE,202612,2025-10-31,72.26,,2441325.42,72.26,29.51,94.59,90.15,96.16,100.0,0.0,1.0,38.34,0.23,1.04,85.98,85.27,100.0,48.62
213,00201790,All Other Pharmaceut,PACK,BRAND_MATERIAL_TYPE,202612,2025-11-07,21.38,,1253071.97,21.38,28.55,56.37,49.0,83.08,100.0,0.0,1.0,43.85,0.29,1.6,9.77,27.62,100.0,31.99
214,00201790,All Other Pharmaceut,PACK,BRAND_MATERIAL_TYPE,202612,2025-11-14,-29.95,,1475987.01,29.95,25.88,56.34,64.83,96.11,100.0,-0.0,1.0,35.29,0.26,1.18,25.32,36.53,100.0,37.14
215,00201790,All Other Pharmaceut,PACK,BRAND_MATERIAL_TYPE,202612,2025-11-19,43.61,,2881595.01,43.61,27.7,89.51,76.89,91.46,100.0,0.0,1.0,53.3,0.36,3.3,1.3,68.83,100.0,43.04
216,00201790,All Other Pharmaceut,PACK,BRAND_MATERIAL_TYPE,202612,2025-11-21,-61.34,,1911504.32,61.34,25.42,47.77,83.13,94.45,100.0,-0.0,1.0,30.54,0.34,3.59,-1.26,39.71,100.0,44.56
217,00201790,All Other Pharmaceut,PACK,BRAND_MATERIAL_TYPE,202612,2025-11-28,-0.14,,813416.26,0.14,29.03,88.48,67.64,96.85,100.0,-0.0,1.0,45.55,0.35,2.09,0.0,59.85,100.0,39.84
218,00201790,All Other Pharmaceut,PACK,BRAND_MATERIAL_TYPE,202612,2025-12-05,-9.98,,914375.53,9.98,35.08,73.79,68.02,54.48,100.0,-0.0,1.0,30.59,0.23,1.57,6.47,50.19,100.0,42.01
219,00201790,All Other Pharmaceut,PACK,BRAND_MATERIAL_TYPE,202612,2025-12-12,-21.12,,503126.82,21.12,36.21,70.57,50.32,79.31,100.0,-0.0,1.0,46.21,0.3,1.89,-11.19,35.51,100.0,35.61
220,00201790,All Other Pharmaceut,PACK,BRAND_MATERIAL_TYPE,202612,2025-12-17,-24.83,,1880514.91,24.83,35.29,77.5,54.11,70.48,100.0,-0.0,1.0,38.76,0.35,2.33,0.43,41.94,100.0,36.94
221,00201790,All Other Pharmaceut,PACK,BRAND_MATERIAL_TYPE,202612,2025-12-19,99.87,,880718038.52,99.87,31.83,99.98,99.93,99.81,100.0,0.0,1.0,41.63,0.38,2.15,99.92,99.91,100.0,53.96
222,00201790,All Other Pharmaceut,PACK,BRAND_MATERIAL_TYPE,202612,2025-12-26,-40.2,,357782.11,40.2,36.11,93.37,63.47,77.28,100.0,-0.0,1.0,34.47,0.26,0.38,-0.89,59.26,100.0,40.7
223,00201790,All Other Pharmaceut,PACK,BRAND_MATERIAL_TYPE,202612,2026-01-02,49.26,,2081702.03,49.26,52.62,74.63,62.81,48.17,56.03,46.06,-0.35,60.82,0.25,0.69,17.12,46.88,9.97,47.0
224,00201790,All Other Pharmaceut,PACK,BRAND_MATERIAL_TYPE,202612,2026-01-09,-75.31,,224236.35,75.31,40.33,99.54,92.39,64.05,100.0,-0.0,1.0,9.18,0.09,0.0,1.42,91.97,100.0,53.38
225,00201790,All Other Pharmaceut,PACK,BRAND_MATERIAL_TYPE,202612,2026-01-16,-88.77,,11224808.63,88.77,37.6,96.7,85.17,88.55,100.0,-0.0,1.0,54.35,0.29,1.09,51.88,82.36,100.0,50.09
226,00201790,All Other Pharmaceut,PACK,BRAND_MATERIAL_TYPE,202612,2026-01-23,-99.03,,323535328.84,99.03,30.93,0.5,99.14,96.48,-147.66,97.4,0.23,53.3,0.52,6.61,97.95,0.5,245.05,53.76
227,00201790,All Other Pharmaceut,PACK,BRAND_MATERIAL_TYPE,202612,2026-01-30,50.26,,1764432.4,50.26,31.06,13.13,67.08,79.56,100.0,0.0,1.0,32.02,0.41,0.0,-23.87,8.81,100.0,40.63
228,00201790,All Other Pharmaceut,RAW,BRAND_MATERIAL_TYPE,202612,2025-07-18,,,0.0,,100.0,,,,,,,0.0,0.0,0.0,,,,
229,00201790,All Other Pharmaceut,RAW,BRAND_MATERIAL_TYPE,202612,2025-07-25,17.87,,1126248.14,17.87,46.05,100.0,64.28,56.12,100.0,0.0,1.0,34.31,0.16,0.0,-174.43,64.28,100.0,44.66
230,00201790,All Other Pharmaceut,RAW,BRAND_MATERIAL_TYPE,202612,2025-08-01,56.11,,529985.91,56.11,46.05,100.0,63.88,79.15,100.0,0.0,1.0,33.89,0.22,0.0,-134.85,63.88,100.0,44.7
231,00201790,All Other Pharmaceut,RAW,BRAND_MATERIAL_TYPE,202612,2025-08-08,-51.8,,3916734.63,51.8,46.05,100.0,81.53,80.47,100.0,-0.0,1.0,41.42,0.32,0.0,-10.65,81.53,100.0,52.11
232,00201790,All Other Pharmaceut,RAW,BRAND_MATERIAL_TYPE,202612,2025-08-15,-64.82,,1648936.61,64.82,46.05,100.0,74.41,66.56,100.0,-0.0,1.0,40.59,0.3,0.0,17.66,74.41,100.0,49.19
233,00201790,All Other Pharmaceut,RAW,BRAND_MATERIAL_TYPE,202612,2025-08-22,-57.14,,2134543.22,57.14,46.15,100.0,69.37,79.0,100.0,-0.0,1.0,43.75,0.35,0.0,75.73,69.37,100.0,47.36
234,00201790,All Other Pharmaceut,RAW,BRAND_MATERIAL_TYPE,202612,2025-08-26,,,0.0,,45.96,,,,,,,0.0,0.0,0.0,,,,
235,00201790,All Other Pharmaceut,RAW,BRAND_MATERIAL_TYPE,202612,2025-08-29,43.29,,2747111.96,43.29,45.58,99.89,84.75,91.25,100.0,0.0,1.0,39.66,0.18,0.0,34.52,84.65,100.0,52.74
236,00201790,All Other Pharmaceut,RAW,BRAND_MATERIAL_TYPE,202612,2025-09-05,-43.03,,714343.53,43.03,44.04,75.41,64.46,64.55,100.0,-0.0,1.0,34.06,0.24,1.75,8.66,48.61,100.0,44.2
237,00201790,All Other Pharmaceut,RAW,BRAND_MATERIAL_TYPE,202612,2025-09-12,65.14,,2288731.38,65.14,43.65,77.24,60.33,61.05,100.0,0.0,1.0,43.17,0.36,2.64,-95.57,46.6,100.0,42.78
238,00201790,All Other Pharmaceut,RAW,BRAND_MATERIAL_TYPE,202612,2025-09-18,82.72,,20284452.34,82.72,40.5,94.05,90.87,91.26,100.0,0.0,1.0,49.28,0.55,3.35,155.88,85.46,100.0,54.38
239,00201790,All Other Pharmaceut,RAW,BRAND_MATERIAL_TYPE,202612,2025-09-19,29.34,,1288338.12,29.34,39.92,61.76,48.58,61.94,100.0,0.0,1.0,39.32,0.56,4.37,-81.51,30.0,100.0,37.25
240,00201790,All Other Pharmaceut,RAW,BRAND_MATERIAL_TYPE,202612,2025-09-26,-60.15,,3042362.19,60.15,83.93,64.68,56.42,54.98,100.0,-0.0,1.0,40.96,1.0,3.19,830.45,36.49,100.0,59.49
241,00201790,All Other Pharmaceut,RAW,BRAND_MATERIAL_TYPE,202612,2025-10-03,26.78,,2162954.28,26.78,54.01,78.6,63.05,69.34,100.0,0.0,1.0,33.2,0.5,2.73,-194.4,49.56,100.0,48.48
242,00201790,All Other Pharmaceut,RAW,BRAND_MATERIAL_TYPE,202612,2025-10-10,,,0.0,,44.44,,,,,,,0.0,0.0,0.0,,,,
243,00201790,All Other Pharmaceut,RAW,BRAND_MATERIAL_TYPE,202612,2025-10-17,0.21,,4922831.14,0.21,43.45,83.85,45.77,42.0,100.0,0.0,1.0,57.53,0.3,0.0,-1.88,38.38,100.0,36.68
244,00201790,All Other Pharmaceut,RAW,BRAND_MATERIAL_TYPE,202612,2025-10-24,27.5,,2859758.42,27.5,40.94,77.49,57.3,53.55,100.0,0.0,1.0,39.9,0.42,7.69,-159.81,44.4,100.0,40.68
245,00201790,All Other Pharmaceut,RAW,BRAND_MATERIAL_TYPE,202612,2025-10-31,55.48,,2057552.62,55.48,43.8,94.68,77.65,63.33,100.0,0.0,1.0,38.05,0.39,3.1,55.64,73.52,100.0,49.89
246,00201790,All Other Pharmaceut,RAW,BRAND_MATERIAL_TYPE,202612,2025-11-07,52.15,,1289272.57,52.15,45.97,89.88,68.72,60.01,100.0,0.0,1.0,43.59,0.39,2.14,24.51,61.77,100.0,47.17
247,00201790,All Other Pharmaceut,RAW,BRAND_MATERIAL_TYPE,202612,2025-11-14,-56.12,,2423998.89,56.12,45.56,88.17,82.12,68.78,100.0,-0.0,1.0,38.53,0.37,4.33,77.9,72.41,100.0,52.32
248,00201790,All Other Pharmaceut,RAW,BRAND_MATERIAL_TYPE,202612,2025-11-19,97.19,,97019559.32,97.19,43.95,3.1,98.22,96.47,100.0,0.0,1.0,47.56,0.54,6.22,97.69,3.04,100.0,58.67
249,00201790,All Other Pharmaceut,RAW,BRAND_MATERIAL_TYPE,202612,2025-11-21,98.6,,95498290.41,98.6,39.26,2.3,99.55,99.24,100.0,0.0,1.0,29.35,0.42,3.48,101.13,2.29,100.0,56.93
250,00201790,All Other Pharmaceut,RAW,BRAND_MATERIAL_TYPE,202612,2025-11-28,-99.44,,109350238.9,99.44,46.26,99.81,99.57,85.28,100.0,-0.0,1.0,35.32,0.38,1.28,99.61,99.38,100.0,59.59
251,00201790,All Other Pharmaceut,RAW,BRAND_MATERIAL_TYPE,202612,2025-12-05,-75.31,,3536111.02,75.31,48.95,40.16,86.69,70.55,100.0,-0.0,1.0,37.11,0.47,2.73,188.85,34.82,100.0,55.81
252,00201790,All Other Pharmaceut,RAW,BRAND_MATERIAL_TYPE,202612,2025-12-12,50.83,,1474626.69,50.83,49.24,81.45,61.16,46.51,100.0,0.0,1.0,46.72,0.56,2.32,78.96,49.82,100.0,46.02
253,00201790,All Other Pharmaceut,RAW,BRAND_MATERIAL_TYPE,202612,2025-12-17,-96.14,,114201271.27,96.14,49.06,83.58,97.67,81.79,100.0,-0.0,1.0,44.23,0.65,4.23,100.45,81.63,100.0,60.85
254,00201790,All Other Pharmaceut,RAW,BRAND_MATERIAL_TYPE,202612,2025-12-19,50.37,,2792396.19,50.37,44.91,43.58,45.6,56.15,100.0,0.0,1.0,30.25,0.56,2.52,0.16,19.88,100.0,38.07
255,00201790,All Other Pharmaceut,RAW,BRAND_MATERIAL_TYPE,202612,2025-12-26,78.73,,19826532.88,78.73,48.48,81.38,92.32,68.32,100.0,0.0,1.0,34.77,0.45,1.17,96.95,75.12,100.0,57.81
256,00201790,All Other Pharmaceut,RAW,BRAND_MATERIAL_TYPE,202612,2026-01-02,62.27,,5822124.45,62.27,57.26,79.34,46.68,59.37,31.48,68.54,-0.51,52.57,0.41,1.47,60.53,37.03,37.06,42.95
257,00201790,All Other Pharmaceut,RAW,BRAND_MATERIAL_TYPE,202612,2026-01-09,-88.51,,12860265.93,88.51,53.89,99.85,95.31,95.36,100.0,-0.0,1.0,38.73,0.41,0.35,95.69,95.17,100.0,61.06
258,00201790,All Other Pharmaceut,RAW,BRAND_MATERIAL_TYPE,202612,2026-01-16,-30.48,,18330828.64,30.48,40.56,49.33,61.47,35.89,100.0,-0.0,1.0,65.75,0.63,1.37,29.09,30.32,100.0,42.9
259,00201790,All Other Pharmaceut,RAW,BRAND_MATERIAL_TYPE,202612,2026-01-23,-11.73,,15030635.83,11.73,31.74,27.83,38.74,52.71,208.73,-138.28,0.59,49.13,0.95,7.51,0.54,10.78,347.01,31.35
260,00201790,All Other Pharmaceut,RAW,BRAND_MATERIAL_TYPE,202612,2026-01-30,-75.53,,6087994.83,75.53,35.96,7.11,90.29,81.78,100.0,-0.0,1.0,26.02,0.56,0.0,123.74,6.42,100.0,52.37
261,00201790,All Other Pharmaceut,UNBW,BRAND_MATERIAL_TYPE,202612,2025-07-18,,,0.0,,100.0,,,,,,,0.0,0.0,0.0,,,,
262,00201790,All Other Pharmaceut,UNBW,BRAND_MATERIAL_TYPE,202612,2025-07-25,,,0.0,,0.0,,,,,,,,0.1,,-0.0,,,
263,00201790,All Other Pharmaceut,UNBW,BRAND_MATERIAL_TYPE,202612,2025-08-01,,,0.0,,0.0,,,,,,,,0.14,,-0.0,,,
264,00201790,All Other Pharmaceut,UNBW,BRAND_MATERIAL_TYPE,202612,2025-08-08,,,0.0,,0.0,,,,,,,,0.25,,0.0,,,
265,00201790,All Other Pharmaceut,UNBW,BRAND_MATERIAL_TYPE,202612,2025-08-15,,,0.0,,0.0,,,,,,,,0.26,,-0.0,,,
266,00201790,All Other Pharmaceut,UNBW,BRAND_MATERIAL_TYPE,202612,2025-08-22,,,0.0,,0.0,,,,,,,,0.3,,-0.0,,,
267,00201790,All Other Pharmaceut,UNBW,BRAND_MATERIAL_TYPE,202612,2025-08-26,,,0.0,,1.57,,,,,,,0.0,0.0,0.0,,,,
268,00201790,All Other Pharmaceut,UNBW,BRAND_MATERIAL_TYPE,202612,2025-08-29,,,0.0,,0.0,,,,,,,,0.15,,0.0,,,
269,00201790,All Other Pharmaceut,UNBW,BRAND_MATERIAL_TYPE,202612,2025-09-05,,,0.0,,0.0,,,,,,,,0.18,,-0.0,,,
270,00201790,All Other Pharmaceut,UNBW,BRAND_MATERIAL_TYPE,202612,2025-09-12,,,0.0,,0.0,,,,,,,,0.32,,-0.0,,,
271,00201790,All Other Pharmaceut,UNBW,BRAND_MATERIAL_TYPE,202612,2025-09-18,,,0.0,,0.0,,,,,,,,0.6,,0.0,,,
272,00201790,All Other Pharmaceut,UNBW,BRAND_MATERIAL_TYPE,202612,2025-09-19,,,0.0,,0.0,,,,,,,,0.33,,-0.0,,,
273,00201790,All Other Pharmaceut,UNBW,BRAND_MATERIAL_TYPE,202612,2025-09-26,,,0.0,,0.0,,,,,,,,0.27,,-0.0,,,
274,00201790,All Other Pharmaceut,UNBW,BRAND_MATERIAL_TYPE,202612,2025-10-03,,,0.0,,0.0,,,,,,,,0.33,,-0.0,,,
275,00201790,All Other Pharmaceut,UNBW,BRAND_MATERIAL_TYPE,202612,2025-10-10,,,0.0,,0.0,,,,,,,,0.0,,,,,
276,00201790,All Other Pharmaceut,UNBW,BRAND_MATERIAL_TYPE,202612,2025-10-17,,,0.0,,0.0,,,,,,,,0.3,,-0.0,,,
277,00201790,All Other Pharmaceut,UNBW,BRAND_MATERIAL_TYPE,202612,2025-10-24,,,0.0,,0.0,,,,,,,,0.45,,-0.0,,,
278,00201790,All Other Pharmaceut,UNBW,BRAND_MATERIAL_TYPE,202612,2025-10-31,,,0.0,,0.0,,,,,,,,0.34,,0.0,,,
279,00201790,All Other Pharmaceut,UNBW,BRAND_MATERIAL_TYPE,202612,2025-11-07,,,0.0,,0.0,,,,,,,,0.28,,0.0,,,
280,00201790,All Other Pharmaceut,UNBW,BRAND_MATERIAL_TYPE,202612,2025-11-14,,,0.0,,0.0,,,,,,,,0.25,,-0.0,,,
281,00201790,All Other Pharmaceut,UNBW,BRAND_MATERIAL_TYPE,202612,2025-11-19,,,0.0,,0.0,,,,,,,,0.59,,0.0,,,
282,00201790,All Other Pharmaceut,UNBW,BRAND_MATERIAL_TYPE,202612,2025-11-21,,,0.0,,0.0,,,,,,,,0.4,,0.0,,,
283,00201790,All Other Pharmaceut,UNBW,BRAND_MATERIAL_TYPE,202612,2025-11-28,,,0.0,,0.0,,,,,,,,0.39,,-0.0,,,
284,00201790,All Other Pharmaceut,UNBW,BRAND_MATERIAL_TYPE,202612,2025-12-05,,,0.0,,0.0,,,,,,,,0.39,,-0.0,,,
285,00201790,All Other Pharmaceut,UNBW,BRAND_MATERIAL_TYPE,202612,2025-12-12,,,0.0,,0.0,,,,,,,,0.35,,0.0,,,
286,00201790,All Other Pharmaceut,UNBW,BRAND_MATERIAL_TYPE,202612,2025-12-17,,,0.0,,0.0,,,,,,,,0.62,,-0.0,,,
287,00201790,All Other Pharmaceut,UNBW,BRAND_MATERIAL_TYPE,202612,2025-12-19,,,0.0,,0.0,,,,,,,,0.37,,0.0,,,
288,00201790,All Other Pharmaceut,UNBW,BRAND_MATERIAL_TYPE,202612,2025-12-26,,,0.0,,0.0,,,,,,,,0.13,,0.0,,,
289,00201790,All Other Pharmaceut,UNBW,BRAND_MATERIAL_TYPE,202612,2026-01-02,,,0.0,,0.0,,,,,,,,0.04,,0.0,,,
290,00201790,All Other Pharmaceut,UNBW,BRAND_MATERIAL_TYPE,202612,2026-01-09,,,0.0,,0.0,,,,,,,,0.12,,-0.0,,,
291,03302043,ABRAXANE,FIN,BRAND_MATERIAL_TYPE,202612,2025-07-18,,,0.0,,100.0,,,,,,,0.0,0.0,0.0,,,,
292,03302043,ABRAXANE,FIN,BRAND_MATERIAL_TYPE,202612,2025-07-25,-28.52,,192893.16,28.52,97.09,100.0,89.28,53.55,100.0,-0.0,1.0,15.0,0.15,0.0,-0.86,89.28,100.0,75.03
293,03302043,ABRAXANE,FIN,BRAND_MATERIAL_TYPE,202612,2025-08-01,43.51,,3645527.99,43.51,97.06,100.0,66.78,23.92,100.0,0.0,1.0,36.36,0.42,0.0,-36.01,66.78,100.0,66.94
294,03302043,ABRAXANE,FIN,BRAND_MATERIAL_TYPE,202612,2025-08-08,18.5,,12956602.46,18.5,97.06,100.0,54.89,22.44,100.0,0.0,1.0,68.69,0.79,0.0,86.97,54.89,100.0,63.43
295,03302043,ABRAXANE,FIN,BRAND_MATERIAL_TYPE,202612,2025-08-15,-37.43,,6555042.76,37.43,97.03,100.0,78.29,30.06,100.0,-0.0,1.0,26.53,0.34,0.0,-73.35,78.29,100.0,71.25
296,03302043,ABRAXANE,FIN,BRAND_MATERIAL_TYPE,202612,2025-08-22,6.35,,4457900.34,6.35,97.03,100.0,89.37,35.36,100.0,0.0,1.0,22.45,0.23,0.0,-9.1,89.37,100.0,75.32
297,03302043,ABRAXANE,FIN,BRAND_MATERIAL_TYPE,202612,2025-08-26,,,0.0,,97.03,,,,,,,0.0,0.0,0.0,,,,
298,03302043,ABRAXANE,FIN,BRAND_MATERIAL_TYPE,202612,2025-08-29,26.71,,1917692.38,26.71,96.04,79.56,81.78,59.6,100.0,0.0,1.0,26.8,0.28,0.0,18.26,65.07,100.0,72.05
299,03302043,ABRAXANE,FIN,BRAND_MATERIAL_TYPE,202612,2025-09-05,10.87,,7813907.13,10.87,88.12,79.35,69.19,33.13,100.0,0.0,1.0,53.93,0.69,1.12,33.79,54.9,100.0,65.23
300,03302043,ABRAXANE,FIN,BRAND_MATERIAL_TYPE,202612,2025-09-12,-61.4,,4880682.61,61.4,80.2,37.87,72.39,36.55,100.0,-0.0,1.0,30.86,0.46,1.23,176.76,27.41,100.0,62.55
301,03302043,ABRAXANE,FIN,BRAND_MATERIAL_TYPE,202612,2025-09-18,-8.59,,14141170.37,8.59,80.2,48.4,55.33,31.24,100.0,-0.0,1.0,66.67,1.04,2.47,12.98,26.78,100.0,57.68
302,03302043,ABRAXANE,FIN,BRAND_MATERIAL_TYPE,202612,2025-09-19,9.77,,4216198.02,9.77,75.25,41.82,83.52,49.94,100.0,0.0,1.0,23.68,0.62,1.32,-4.89,34.92,100.0,65.59
303,03302043,ABRAXANE,FIN,BRAND_MATERIAL_TYPE,202612,2025-09-26,55.59,,1097371.79,55.59,87.88,26.36,82.34,66.75,100.0,0.0,1.0,18.39,0.38,0.0,22.53,21.7,100.0,69.37
304,03302043,ABRAXANE,FIN,BRAND_MATERIAL_TYPE,202612,2025-10-03,8.75,,12761479.11,8.75,80.39,71.48,58.98,31.03,100.0,0.0,1.0,54.88,0.84,2.44,-27.35,42.16,100.0,58.56
305,03302043,ABRAXANE,FIN,BRAND_MATERIAL_TYPE,202612,2025-10-10,,,0.0,,77.88,,,,,,,0.0,0.0,0.0,,,,
306,03302043,ABRAXANE,FIN,BRAND_MATERIAL_TYPE,202612,2025-10-17,2.0,,15391466.4,2.0,78.43,58.52,51.4,25.39,100.0,0.0,1.0,67.5,0.72,0.0,19.4,30.08,100.0,54.32
307,03302043,ABRAXANE,FIN,BRAND_MATERIAL_TYPE,202612,2025-10-24,-15.43,,10654918.53,15.43,66.67,22.85,65.69,41.09,100.0,-0.0,1.0,38.24,0.77,2.94,-22.22,15.01,100.0,55.52
308,03302043,ABRAXANE,FIN,BRAND_MATERIAL_TYPE,202612,2025-10-31,52.56,,4904676.12,52.56,85.58,19.6,94.96,63.84,100.0,0.0,1.0,17.98,0.27,0.0,102.17,18.61,100.0,73.11
309,03302043,ABRAXANE,FIN,BRAND_MATERIAL_TYPE,202612,2025-11-07,-18.82,,9271859.26,18.82,79.61,63.8,54.55,28.0,100.0,-0.0,1.0,64.63,0.81,0.0,-1035.13,34.8,100.0,56.35
310,03302043,ABRAXANE,FIN,BRAND_MATERIAL_TYPE,202612,2025-11-14,-4.1,,8478954.42,4.1,71.57,34.34,66.31,36.36,100.0,-0.0,1.0,28.77,0.46,0.0,9.84,22.77,100.0,56.69
311,03302043,ABRAXANE,FIN,BRAND_MATERIAL_TYPE,202612,2025-11-19,9.22,,12334731.91,9.22,70.59,49.41,48.47,27.37,100.0,0.0,1.0,63.89,1.09,2.78,150.9,23.95,100.0,51.25
312,03302043,ABRAXANE,FIN,BRAND_MATERIAL_TYPE,202612,2025-11-21,89.67,,47600820.91,89.67,69.9,2.08,98.46,94.45,100.0,0.0,1.0,22.22,0.53,1.39,57.26,2.05,100.0,69.13
313,03302043,ABRAXANE,FIN,BRAND_MATERIAL_TYPE,202612,2025-11-28,-91.48,,48056753.06,91.48,85.29,3.47,97.67,95.84,100.0,-0.0,1.0,28.74,0.47,0.0,103.79,3.39,100.0,74.75
314,03302043,ABRAXANE,FIN,BRAND_MATERIAL_TYPE,202612,2025-12-05,66.68,,23379401.7,66.68,83.33,81.83,85.38,72.27,100.0,0.0,1.0,52.94,0.7,0.0,-145.69,69.86,100.0,69.8
315,03302043,ABRAXANE,FIN,BRAND_MATERIAL_TYPE,202612,2025-12-12,72.32,,7387906.96,72.32,69.31,11.85,87.24,70.19,100.0,0.0,1.0,21.43,0.4,0.0,-2312.51,10.33,100.0,63.94
316,03302043,ABRAXANE,FIN,BRAND_MATERIAL_TYPE,202612,2025-12-17,63.42,,31143877.57,63.42,79.21,12.98,80.7,69.89,100.0,0.0,1.0,66.25,0.98,0.0,82.0,10.48,100.0,67.23
317,03302043,ABRAXANE,FIN,BRAND_MATERIAL_TYPE,202612,2025-12-19,68.93,,6916522.5,68.93,69.31,69.86,96.48,70.13,100.0,0.0,1.0,20.0,0.69,4.29,155.78,67.4,100.0,68.63
318,03302043,ABRAXANE,FIN,BRAND_MATERIAL_TYPE,202612,2025-12-26,1.43,,2235260.74,1.43,84.16,57.58,95.39,53.51,100.0,0.0,1.0,18.82,0.42,1.18,2.65,54.93,100.0,73.21
319,03302043,ABRAXANE,FIN,BRAND_MATERIAL_TYPE,202612,2026-01-02,94.65,,18032385.98,94.65,85.29,96.19,78.3,44.2,14.21,81.19,-0.5,45.98,0.83,1.15,49.39,75.32,66.98,68.21
320,03302043,ABRAXANE,FIN,BRAND_MATERIAL_TYPE,202612,2026-01-09,58.0,,1168856.03,58.0,79.41,39.27,91.16,52.94,100.0,0.0,1.0,7.41,0.16,0.0,-88.57,35.8,100.0,68.75
321,03302043,ABRAXANE,FIN,BRAND_MATERIAL_TYPE,202612,2026-01-16,-62.61,,2917605.94,62.61,91.0,19.83,97.27,46.27,100.0,-0.0,1.0,16.48,0.2,0.0,-861.53,19.29,100.0,75.97
322,03302043,ABRAXANE,FIN,BRAND_MATERIAL_TYPE,202612,2026-01-23,-17.51,,42837631.18,17.51,81.0,31.54,76.58,55.02,257.09,-176.86,0.49,40.74,0.8,2.47,-291.02,24.15,433.95,65.7
323,03302043,ABRAXANE,FIN,BRAND_MATERIAL_TYPE,202612,2026-01-30,-79.87,,38638059.62,79.87,72.0,13.19,89.87,79.03,100.0,-0.0,1.0,26.39,0.59,0.0,92.41,11.85,100.0,66.71
324,03302043,ABRAXANE,HALB,BRAND_MATERIAL_TYPE,202612,2025-07-18,,,0.0,,100.0,,,,,,,0.0,0.0,0.0,,,,
325,03302043,ABRAXANE,HALB,BRAND_MATERIAL_TYPE,202612,2025-07-25,71.29,,7489512.26,71.29,94.74,100.0,90.83,68.14,100.0,0.0,1.0,61.11,0.58,0.0,83.03,90.83,100.0,76.16
326,03302043,ABRAXANE,HALB,BRAND_MATERIAL_TYPE,202612,2025-08-01,-51.21,,10331474.42,51.21,94.74,100.0,83.85,62.04,100.0,-0.0,1.0,66.67,0.84,0.0,120.14,83.85,100.0,74.24
327,03302043,ABRAXANE,HALB,BRAND_MATERIAL_TYPE,202612,2025-08-08,-8.34,,6487941.77,8.34,94.74,100.0,78.6,75.34,100.0,-0.0,1.0,72.22,1.0,0.0,-19.65,78.6,100.0,72.67
328,03302043,ABRAXANE,HALB,BRAND_MATERIAL_TYPE,202612,2025-08-15,76.29,,7431676.47,76.29,94.74,100.0,84.82,83.87,100.0,0.0,1.0,77.78,1.21,0.0,169.5,84.82,100.0,75.86
329,03302043,ABRAXANE,HALB,BRAND_MATERIAL_TYPE,202612,2025-08-22,-45.77,,15434774.87,45.77,94.74,100.0,83.52,89.13,100.0,-0.0,1.0,66.67,0.95,0.0,227.26,83.52,100.0,74.46
330,03302043,ABRAXANE,HALB,BRAND_MATERIAL_TYPE,202612,2025-08-26,,,0.0,,94.74,,,,,,,0.0,0.0,0.0,,,,
331,03302043,ABRAXANE,HALB,BRAND_MATERIAL_TYPE,202612,2025-08-29,-42.82,,6506477.4,42.82,84.21,61.41,97.62,88.4,100.0,-0.0,1.0,50.0,0.53,0.0,-99.31,59.95,100.0,74.49
332,03302043,ABRAXANE,HALB,BRAND_MATERIAL_TYPE,202612,2025-09-05,24.14,,4907810.04,24.14,89.47,91.22,82.32,56.18,100.0,0.0,1.0,47.06,0.74,0.0,47.15,75.09,100.0,71.17
333,03302043,ABRAXANE,HALB,BRAND_MATERIAL_TYPE,202612,2025-09-12,9.68,,22181029.25,9.68,68.42,68.08,93.44,39.8,100.0,0.0,1.0,38.46,0.68,0.0,-126.59,63.61,100.0,67.03
334,03302043,ABRAXANE,HALB,BRAND_MATERIAL_TYPE,202612,2025-09-18,-11.18,,18471612.38,11.18,63.16,36.71,76.45,54.0,100.0,-0.0,1.0,50.0,1.16,0.0,22.06,28.07,100.0,59.7
335,03302043,ABRAXANE,HALB,BRAND_MATERIAL_TYPE,202612,2025-09-19,-20.8,,13377021.35,20.8,68.42,45.01,99.0,47.91,100.0,-0.0,1.0,38.46,1.0,0.0,33.03,44.56,100.0,70.3
336,03302043,ABRAXANE,HALB,BRAND_MATERIAL_TYPE,202612,2025-09-26,36.49,,3746645.44,36.49,89.47,99.09,96.24,94.55,100.0,0.0,1.0,52.94,1.0,0.0,50.5,95.37,100.0,77.62
337,03302043,ABRAXANE,HALB,BRAND_MATERIAL_TYPE,202612,2025-10-03,-33.53,,10458910.08,33.53,78.95,71.52,79.29,79.61,100.0,-0.0,1.0,53.33,0.95,0.0,85.94,56.71,100.0,66.45
338,03302043,ABRAXANE,HALB,BRAND_MATERIAL_TYPE,202612,2025-10-10,,,0.0,,90.0,,,,,,,0.0,0.0,0.0,,,,
339,03302043,ABRAXANE,HALB,BRAND_MATERIAL_TYPE,202612,2025-10-17,9.51,,18446848.28,9.51,85.71,90.81,90.13,86.11,100.0,0.0,1.0,50.0,0.52,0.0,110.39,81.85,100.0,72.09
340,03302043,ABRAXANE,HALB,BRAND_MATERIAL_TYPE,202612,2025-10-24,66.17,,12135515.09,66.17,85.71,44.63,99.94,87.47,100.0,0.0,1.0,38.89,0.62,0.0,108.57,44.6,100.0,76.32
341,03302043,ABRAXANE,HALB,BRAND_MATERIAL_TYPE,202612,2025-10-31,-6.02,,573494.88,6.02,85.71,96.42,96.42,81.24,100.0,-0.0,1.0,33.33,0.57,0.0,-1.37,92.97,100.0,74.76
342,03302043,ABRAXANE,HALB,BRAND_MATERIAL_TYPE,202612,2025-11-07,61.35,,3280159.31,61.35,89.47,87.08,92.05,85.36,100.0,0.0,1.0,47.06,0.63,0.0,1193.61,80.16,100.0,74.71
343,03302043,ABRAXANE,HALB,BRAND_MATERIAL_TYPE,202612,2025-11-14,-100.0,,3054771.98,100.0,89.47,99.78,99.78,65.79,100.0,-0.0,1.0,29.41,0.42,0.0,86.41,99.56,100.0,77.1
344,03302043,ABRAXANE,HALB,BRAND_MATERIAL_TYPE,202612,2025-11-19,0.91,,23636249.65,0.91,89.47,62.81,97.57,61.95,100.0,0.0,1.0,47.06,0.79,0.0,28.56,61.29,100.0,77.45
345,03302043,ABRAXANE,HALB,BRAND_MATERIAL_TYPE,202612,2025-11-21,68.79,,45035020.64,68.79,73.68,24.15,97.52,79.29,100.0,0.0,1.0,28.57,0.79,0.0,41.56,23.55,100.0,71.11
346,03302043,ABRAXANE,HALB,BRAND_MATERIAL_TYPE,202612,2025-11-28,17.61,,10610724.66,17.61,78.95,78.86,93.48,83.97,100.0,0.0,1.0,40.0,0.68,0.0,-4.41,73.72,100.0,71.25
347,03302043,ABRAXANE,HALB,BRAND_MATERIAL_TYPE,202612,2025-12-05,-93.3,,28890412.69,93.3,78.95,68.39,94.36,93.92,100.0,-0.0,1.0,53.33,0.74,0.0,251.91,64.54,100.0,71.78
348,03302043,ABRAXANE,HALB,BRAND_MATERIAL_TYPE,202612,2025-12-12,-32.93,,16710939.04,32.93,84.21,57.6,98.55,76.76,100.0,-0.0,1.0,43.75,0.89,0.0,2381.75,56.76,100.0,76.09
349,03302043,ABRAXANE,HALB,BRAND_MATERIAL_TYPE,202612,2025-12-17,12.74,,23927784.38,12.74,73.68,40.72,89.96,91.55,100.0,0.0,1.0,50.0,1.21,7.14,12.65,36.63,100.0,69.49
350,03302043,ABRAXANE,HALB,BRAND_MATERIAL_TYPE,202612,2025-12-19,-10.38,,13572061.33,10.38,68.42,24.27,98.05,54.68,100.0,-0.0,1.0,46.15,0.95,0.0,-46.02,23.8,100.0,69.75
351,03302043,ABRAXANE,HALB,BRAND_MATERIAL_TYPE,202612,2025-12-26,8.61,,15237420.73,8.61,84.21,18.6,98.93,61.05,100.0,0.0,1.0,31.25,0.84,0.0,108.61,18.4,100.0,76.06
352,03302043,ABRAXANE,HALB,BRAND_MATERIAL_TYPE,202612,2026-01-02,100.0,,16798244.84,100.0,89.47,80.13,87.69,75.52,4.22,94.97,-0.9,41.18,0.68,0.0,48.62,70.26,90.75,73.15
353,03302043,ABRAXANE,HALB,BRAND_MATERIAL_TYPE,202612,2026-01-09,-38.34,,3777557.01,38.34,89.47,30.84,100.0,100.0,100.0,-0.0,1.0,23.53,0.47,0.0,189.21,30.84,100.0,77.37
354,03302043,ABRAXANE,HALB,BRAND_MATERIAL_TYPE,202612,2026-01-16,73.61,,3384403.67,73.61,100.0,100.0,99.91,99.91,100.0,0.0,1.0,33.33,0.72,0.0,1174.9,99.91,100.0,82.37
355,03302043,ABRAXANE,HALB,BRAND_MATERIAL_TYPE,202612,2026-01-23,23.59,,35541028.89,23.59,88.89,81.73,80.75,79.45,-89.69,194.75,0.13,37.5,0.67,0.0,325.28,66.0,284.45,70.08
356,03302043,ABRAXANE,HALB,BRAND_MATERIAL_TYPE,202612,2026-01-30,-9.15,,44902448.68,9.15,61.11,21.98,83.13,82.49,100.0,-0.0,1.0,45.45,1.0,0.0,12.31,18.27,100.0,61.03
357,03302043,ABRAXANE,PACK,BRAND_MATERIAL_TYPE,202612,2025-07-18,,,0.0,,100.0,,,,,,,0.0,0.0,0.0,,,,
358,03302043,ABRAXANE,PACK,BRAND_MATERIAL_TYPE,202612,2025-07-25,47.49,,36899.55,47.49,100.0,100.0,95.99,100.0,100.0,0.0,1.0,53.85,0.54,0.0,0.27,95.99,100.0,80.19
359,03302043,ABRAXANE,PACK,BRAND_MATERIAL_TYPE,202612,2025-08-01,-100.0,,63169.35,100.0,100.0,100.0,95.94,100.0,100.0,-0.0,1.0,53.85,0.62,0.0,1.43,95.94,100.0,80.43
360,03302043,ABRAXANE,PACK,BRAND_MATERIAL_TYPE,202612,2025-08-08,57.89,,117484.78,57.89,100.0,100.0,97.32,100.0,100.0,0.0,1.0,92.31,1.15,0.0,2.47,97.32,100.0,82.77
361,03302043,ABRAXANE,PACK,BRAND_MATERIAL_TYPE,202612,2025-08-15,-5.47,,2785.27,5.47,100.0,100.0,82.92,100.0,100.0,-0.0,1.0,69.23,1.23,0.0,-0.0,82.92,100.0,77.27
362,03302043,ABRAXANE,PACK,BRAND_MATERIAL_TYPE,202612,2025-08-22,-96.82,,114266.92,96.82,100.0,100.0,98.26,100.0,100.0,-0.0,1.0,71.43,1.36,0.0,3.56,98.26,100.0,83.83
363,03302043,ABRAXANE,PACK,BRAND_MATERIAL_TYPE,202612,2025-08-26,,,0.0,,100.0,,,,,,,0.0,0.0,0.0,,,,
364,03302043,ABRAXANE,PACK,BRAND_MATERIAL_TYPE,202612,2025-08-29,-8.61,,8665.59,8.61,100.0,100.0,100.0,100.0,100.0,-0.0,1.0,28.57,0.29,0.0,-0.03,100.0,100.0,80.95
365,03302043,ABRAXANE,PACK,BRAND_MATERIAL_TYPE,202612,2025-09-05,79.21,,58078.71,79.21,85.71,63.05,90.85,100.0,100.0,0.0,1.0,100.0,1.14,0.0,1.83,57.28,100.0,74.43
366,03302043,ABRAXANE,PACK,BRAND_MATERIAL_TYPE,202612,2025-09-12,57.0,,77661.31,57.0,92.86,80.95,97.3,100.0,100.0,0.0,1.0,92.31,1.29,0.0,-2.61,78.76,100.0,80.35
367,03302043,ABRAXANE,PACK,BRAND_MATERIAL_TYPE,202612,2025-09-18,89.46,,96848.42,89.46,57.14,21.76,83.56,100.0,100.0,0.0,1.0,100.0,2.07,12.5,-0.93,18.18,100.0,63.18
368,03302043,ABRAXANE,PACK,BRAND_MATERIAL_TYPE,202612,2025-09-19,,,0.0,,71.43,,,,,,,0.0,0.0,0.0,-0.0,,,
369,03302043,ABRAXANE,PACK,BRAND_MATERIAL_TYPE,202612,2025-09-26,-100.0,,79844.7,100.0,100.0,100.0,100.0,100.0,100.0,-0.0,1.0,42.86,0.43,0.0,-2.95,100.0,100.0,81.43
370,03302043,ABRAXANE,PACK,BRAND_MATERIAL_TYPE,202612,2025-10-03,37.67,,12914.2,37.67,64.29,95.62,93.95,100.0,100.0,0.0,1.0,77.78,1.07,0.0,-0.12,89.84,100.0,66.87
371,03302043,ABRAXANE,PACK,BRAND_MATERIAL_TYPE,202612,2025-10-10,,,0.0,,85.71,,,,,,,0.0,0.0,0.0,,,,
372,03302043,ABRAXANE,PACK,BRAND_MATERIAL_TYPE,202612,2025-10-17,-80.75,,76945.1,80.75,100.0,100.0,86.9,100.0,100.0,-0.0,1.0,85.71,0.86,0.0,-3.91,86.9,100.0,77.62
373,03302043,ABRAXANE,PACK,BRAND_MATERIAL_TYPE,202612,2025-10-24,53.01,,54922.54,53.01,78.57,52.54,86.65,100.0,100.0,0.0,1.0,81.82,1.29,27.27,0.39,45.53,100.0,70.37
374,03302043,ABRAXANE,PACK,BRAND_MATERIAL_TYPE,202612,2025-10-31,-93.13,,21777.16,93.13,57.14,40.44,99.63,100.0,100.0,-0.0,1.0,25.0,0.71,0.0,-0.8,40.3,100.0,65.09
375,03302043,ABRAXANE,PACK,BRAND_MATERIAL_TYPE,202612,2025-11-07,64.35,,29785.31,64.35,71.43,71.18,89.98,100.0,100.0,0.0,1.0,70.0,0.93,0.0,11.37,64.05,100.0,67.66
376,03302043,ABRAXANE,PACK,BRAND_MATERIAL_TYPE,202612,2025-11-14,,,0.0,,57.14,,,,,,,0.0,0.0,0.0,-0.0,,,
377,03302043,ABRAXANE,PACK,BRAND_MATERIAL_TYPE,202612,2025-11-19,86.84,,62831.25,86.84,100.0,100.0,97.72,100.0,100.0,0.0,1.0,78.57,0.79,0.0,7.24,97.72,100.0,81.71
378,03302043,ABRAXANE,PACK,BRAND_MATERIAL_TYPE,202612,2025-11-21,100.0,,39409.91,100.0,64.29,0.0,100.0,100.0,100.0,0.0,1.0,0.0,0.29,0.0,0.05,0.0,100.0,66.67
379,03302043,ABRAXANE,PACK,BRAND_MATERIAL_TYPE,202612,2025-11-28,13.29,,71263.13,13.29,71.43,83.89,79.36,100.0,100.0,0.0,1.0,90.0,0.79,0.0,-0.02,66.57,100.0,62.93
380,03302043,ABRAXANE,PACK,BRAND_MATERIAL_TYPE,202612,2025-12-05,-92.26,,45112.54,92.26,64.29,63.83,96.13,100.0,100.0,-0.0,1.0,66.67,1.07,0.0,0.39,61.36,100.0,67.74
381,03302043,ABRAXANE,PACK,BRAND_MATERIAL_TYPE,202612,2025-12-12,-62.01,,107004.54,62.01,57.14,65.45,88.17,100.0,100.0,-0.0,1.0,37.5,0.79,0.0,28.72,57.71,100.0,60.74
382,03302043,ABRAXANE,PACK,BRAND_MATERIAL_TYPE,202612,2025-12-17,-73.87,,133439.04,73.87,35.71,29.52,78.67,100.0,100.0,-0.0,1.0,80.0,1.5,0.0,-0.41,23.22,100.0,50.75
383,03302043,ABRAXANE,PACK,BRAND_MATERIAL_TYPE,202612,2025-12-19,-100.0,,33657.8,100.0,64.29,7.85,99.91,100.0,100.0,-0.0,1.0,66.67,2.07,22.22,-1.1,7.85,100.0,72.58
384,03302043,ABRAXANE,PACK,BRAND_MATERIAL_TYPE,202612,2025-12-26,,,0.0,,78.57,,,,,,,0.0,0.0,0.0,0.0,,,
385,03302043,ABRAXANE,PACK,BRAND_MATERIAL_TYPE,202612,2026-01-02,33.38,,28245.94,33.38,100.0,100.0,85.54,100.0,82.87,16.4,-0.7,71.43,0.79,0.0,0.03,85.54,66.47,76.83
386,03302043,ABRAXANE,PACK,BRAND_MATERIAL_TYPE,202612,2026-01-09,64.94,,5902.51,64.94,57.14,70.48,85.6,100.0,100.0,0.0,1.0,62.5,1.36,0.0,-0.5,60.33,100.0,61.62
387,03302043,ABRAXANE,PACK,BRAND_MATERIAL_TYPE,202612,2026-01-16,-100.0,,161643.72,100.0,21.43,0.0,67.11,100.0,100.0,-0.0,1.0,0.0,1.64,0.0,-76.23,0.0,100.0,40.89
388,03302043,ABRAXANE,PACK,BRAND_MATERIAL_TYPE,202612,2026-01-23,-99.89,,182176.89,99.89,21.43,0.05,77.88,100.0,100.05,-0.67,0.78,33.33,2.43,0.0,-7.06,0.04,100.73,47.82
389,03302043,ABRAXANE,PACK,BRAND_MATERIAL_TYPE,202612,2026-01-30,,,0.0,,100.0,,,,,,,0.0,0.0,0.0,-0.0,,,
390,03302043,ABRAXANE,RAW,BRAND_MATERIAL_TYPE,202612,2025-07-18,,,0.0,,100.0,,,,,,,0.0,0.0,0.0,,,,
391,03302043,ABRAXANE,RAW,BRAND_MATERIAL_TYPE,202612,2025-07-25,100.0,,1128996.29,100.0,100.0,100.0,100.0,100.0,100.0,0.0,1.0,66.67,0.67,0.0,17.56,100.0,100.0,82.22
392,03302043,ABRAXANE,RAW,BRAND_MATERIAL_TYPE,202612,2025-08-01,-100.0,,635947.19,100.0,100.0,100.0,100.0,100.0,100.0,-0.0,1.0,66.67,0.67,0.0,14.44,100.0,100.0,82.22
393,03302043,ABRAXANE,RAW,BRAND_MATERIAL_TYPE,202612,2025-08-08,100.0,,832381.2,100.0,100.0,100.0,100.0,100.0,100.0,0.0,1.0,66.67,0.67,0.0,30.21,100.0,100.0,82.22
394,03302043,ABRAXANE,RAW,BRAND_MATERIAL_TYPE,202612,2025-08-15,3.49,,3701686.39,3.49,100.0,100.0,100.0,100.0,100.0,0.0,1.0,66.67,1.0,0.0,3.86,100.0,100.0,83.33
395,03302043,ABRAXANE,RAW,BRAND_MATERIAL_TYPE,202612,2025-08-22,43.68,,8661767.99,43.68,100.0,100.0,100.0,93.96,100.0,0.0,1.0,100.0,1.0,0.0,-121.72,100.0,100.0,83.33
396,03302043,ABRAXANE,RAW,BRAND_MATERIAL_TYPE,202612,2025-08-26,,,0.0,,100.0,,,,,,,0.0,0.0,0.0,,,,
397,03302043,ABRAXANE,RAW,BRAND_MATERIAL_TYPE,202612,2025-08-29,67.86,,7486111.81,67.86,66.67,16.07,100.0,100.0,100.0,0.0,1.0,50.0,0.67,0.0,181.08,16.07,100.0,68.89
398,03302043,ABRAXANE,RAW,BRAND_MATERIAL_TYPE,202612,2025-09-05,29.26,,1480299.76,29.26,66.67,64.63,100.0,64.63,100.0,0.0,1.0,50.0,0.67,0.0,17.23,64.63,100.0,68.89
399,03302043,ABRAXANE,RAW,BRAND_MATERIAL_TYPE,202612,2025-09-12,-100.0,,889089.49,100.0,100.0,100.0,100.0,100.0,100.0,-0.0,1.0,33.33,0.33,0.0,52.44,100.0,100.0,81.11
400,03302043,ABRAXANE,RAW,BRAND_MATERIAL_TYPE,202612,2025-09-18,-85.49,,7216145.21,85.49,66.67,12.93,100.0,92.74,100.0,-0.0,1.0,100.0,1.33,0.0,65.89,12.93,100.0,71.11
401,03302043,ABRAXANE,RAW,BRAND_MATERIAL_TYPE,202612,2025-09-19,-85.25,,7101435.34,85.25,66.67,11.52,100.0,92.63,100.0,-0.0,1.0,100.0,2.33,0.0,71.86,11.52,100.0,74.44
402,03302043,ABRAXANE,RAW,BRAND_MATERIAL_TYPE,202612,2025-09-26,100.0,,810161.18,100.0,100.0,100.0,100.0,100.0,100.0,0.0,1.0,100.0,1.0,0.0,29.92,100.0,100.0,83.33
403,03302043,ABRAXANE,RAW,BRAND_MATERIAL_TYPE,202612,2025-10-03,-100.0,,1695150.81,100.0,100.0,100.0,100.0,100.0,100.0,-0.0,1.0,33.33,0.33,0.0,41.54,100.0,100.0,81.11
404,03302043,ABRAXANE,RAW,BRAND_MATERIAL_TYPE,202612,2025-10-10,,,0.0,,66.67,,,,,,,0.0,0.0,0.0,,,,
405,03302043,ABRAXANE,RAW,BRAND_MATERIAL_TYPE,202612,2025-10-17,-100.0,,411056.87,100.0,100.0,100.0,100.0,100.0,100.0,-0.0,1.0,33.33,0.33,0.0,-25.88,100.0,100.0,81.11
406,03302043,ABRAXANE,RAW,BRAND_MATERIAL_TYPE,202612,2025-10-24,48.35,,2027652.35,48.35,66.67,74.18,100.0,74.18,100.0,0.0,1.0,50.0,0.67,0.0,13.26,74.18,100.0,68.89
407,03302043,ABRAXANE,RAW,BRAND_MATERIAL_TYPE,202612,2025-10-31,-100.0,,0.0,100.0,100.0,100.0,100.0,100.0,100.0,-0.0,1.0,50.0,0.5,0.0,-0.0,100.0,100.0,81.67
408,03302043,ABRAXANE,RAW,BRAND_MATERIAL_TYPE,202612,2025-11-07,-100.0,,117759.69,100.0,100.0,100.0,100.0,100.0,100.0,-0.0,1.0,50.0,1.0,0.0,-69.85,100.0,100.0,83.33
409,03302043,ABRAXANE,RAW,BRAND_MATERIAL_TYPE,202612,2025-11-14,-100.0,,132795.84,100.0,100.0,100.0,100.0,100.0,100.0,-0.0,1.0,50.0,1.5,0.0,3.76,100.0,100.0,85.0
410,03302043,ABRAXANE,RAW,BRAND_MATERIAL_TYPE,202612,2025-11-19,-100.0,,653270.88,100.0,100.0,100.0,100.0,100.0,100.0,-0.0,1.0,50.0,2.0,0.0,-86.71,100.0,100.0,86.67
411,03302043,ABRAXANE,RAW,BRAND_MATERIAL_TYPE,202612,2025-11-21,100.0,,841981.73,100.0,100.0,100.0,100.0,100.0,100.0,0.0,1.0,50.0,0.5,0.0,1.13,100.0,100.0,81.67
412,03302043,ABRAXANE,RAW,BRAND_MATERIAL_TYPE,202612,2025-11-28,-100.0,,271999.97,100.0,100.0,100.0,100.0,100.0,100.0,-0.0,1.0,50.0,0.5,0.0,0.64,100.0,100.0,81.67
413,03302043,ABRAXANE,RAW,BRAND_MATERIAL_TYPE,202612,2025-12-05,100.0,,707161.85,100.0,100.0,100.0,100.0,100.0,100.0,0.0,1.0,50.0,0.5,0.0,-6.61,100.0,100.0,81.67
414,03302043,ABRAXANE,RAW,BRAND_MATERIAL_TYPE,202612,2025-12-12,-100.0,,4705.62,100.0,100.0,100.0,100.0,100.0,100.0,-0.0,1.0,50.0,0.5,0.0,2.04,100.0,100.0,81.67
415,03302043,ABRAXANE,RAW,BRAND_MATERIAL_TYPE,202612,2025-12-17,100.0,,1386077.33,100.0,100.0,100.0,100.0,100.0,100.0,0.0,1.0,50.0,0.5,0.0,5.75,100.0,100.0,81.67
416,03302043,ABRAXANE,RAW,BRAND_MATERIAL_TYPE,202612,2025-12-19,-100.0,,265080.16,100.0,100.0,100.0,100.0,100.0,100.0,-0.0,1.0,50.0,0.5,0.0,-8.66,100.0,100.0,81.67
417,03302043,ABRAXANE,RAW,BRAND_MATERIAL_TYPE,202612,2025-12-26,-100.0,,135999.99,100.0,100.0,100.0,100.0,100.0,100.0,-0.0,1.0,50.0,1.0,0.0,-11.26,100.0,100.0,83.33
418,03302043,ABRAXANE,RAW,BRAND_MATERIAL_TYPE,202612,2026-01-02,100.0,,678254.32,100.0,100.0,100.0,100.0,100.0,0.0,100.0,-1.0,50.0,0.0,0.0,1.96,100.0,100.0,80.0
419,03302043,ABRAXANE,RAW,BRAND_MATERIAL_TYPE,202612,2026-01-09,100.0,,1029.98,100.0,100.0,100.0,100.0,100.0,100.0,0.0,1.0,50.0,0.5,0.0,-0.13,100.0,100.0,81.67
420,03302043,ABRAXANE,RAW,BRAND_MATERIAL_TYPE,202612,2026-01-16,-100.0,,290815.34,100.0,100.0,100.0,100.0,100.0,100.0,-0.0,1.0,50.0,0.5,0.0,-137.15,100.0,100.0,81.67
421,03302043,ABRAXANE,RAW,BRAND_MATERIAL_TYPE,202612,2026-01-23,100.0,,1876366.03,100.0,100.0,100.0,100.0,100.0,58.47,36.74,0.23,0.0,0.5,0.0,72.8,100.0,21.73,81.67
422,03302043,ABRAXANE,RAW,BRAND_MATERIAL_TYPE,202612,2026-01-30,100.0,,1575589.63,100.0,100.0,100.0,100.0,100.0,100.0,0.0,1.0,50.0,1.0,0.0,-4.72,100.0,100.0,83.33
423,03302101,REVLIMID,FIN,BRAND_MATERIAL_TYPE,202612,2025-07-18,,,0.0,,100.0,,,,,,,0.0,0.0,0.0,,,,
424,03302101,REVLIMID,FIN,BRAND_MATERIAL_TYPE,202612,2025-07-25,-6.37,,3252575.31,6.37,100.0,100.0,59.98,44.41,100.0,-0.0,1.0,16.61,0.17,0.0,7.36,59.98,100.0,64.54
425,03302101,REVLIMID,FIN,BRAND_MATERIAL_TYPE,202612,2025-08-01,-3.54,,2397680.32,3.54,100.0,100.0,51.71,28.58,100.0,-0.0,1.0,21.2,0.25,0.0,36.27,51.71,100.0,61.53
426,03302101,REVLIMID,FIN,BRAND_MATERIAL_TYPE,202612,2025-08-08,-22.45,,6072404.58,22.45,100.0,100.0,22.33,23.52,100.0,-0.0,1.0,57.46,0.65,0.0,98.6,22.33,100.0,51.08
427,03302101,REVLIMID,FIN,BRAND_MATERIAL_TYPE,202612,2025-08-15,38.5,,6772366.51,38.5,100.0,100.0,32.61,20.04,100.0,0.0,1.0,26.74,0.34,0.0,25.52,32.61,100.0,54.18
428,03302101,REVLIMID,FIN,BRAND_MATERIAL_TYPE,202612,2025-08-22,-12.55,,3565456.48,12.55,100.0,100.0,63.73,48.85,100.0,-0.0,1.0,17.14,0.22,0.0,-54.94,63.73,100.0,66.23
429,03302101,REVLIMID,FIN,BRAND_MATERIAL_TYPE,202612,2025-08-26,,,0.0,,100.0,,,,,,,0.0,0.0,0.0,,,,
430,03302101,REVLIMID,FIN,BRAND_MATERIAL_TYPE,202612,2025-08-29,10.91,,3524583.65,10.91,96.52,66.69,47.36,28.06,100.0,0.0,1.0,17.51,0.2,0.0,123.56,31.58,100.0,58.23
431,03302101,REVLIMID,FIN,BRAND_MATERIAL_TYPE,202612,2025-09-05,-48.1,,5088323.13,48.1,88.45,53.21,23.65,24.16,100.0,-0.0,1.0,41.68,0.54,1.43,27.72,12.58,100.0,46.64
432,03302101,REVLIMID,FIN,BRAND_MATERIAL_TYPE,202612,2025-09-12,-20.5,,2183664.34,20.5,89.52,67.34,46.16,25.95,100.0,-0.0,1.0,13.69,0.27,0.18,18.39,31.09,100.0,55.16
433,03302101,REVLIMID,FIN,BRAND_MATERIAL_TYPE,202612,2025-09-18,-50.86,,6894700.13,50.86,85.78,62.57,37.48,22.05,100.0,-0.0,1.0,51.41,0.75,0.56,29.56,23.45,100.0,51.81
434,03302101,REVLIMID,FIN,BRAND_MATERIAL_TYPE,202612,2025-09-19,-14.4,,3814551.97,14.4,85.78,47.44,42.08,21.65,100.0,-0.0,1.0,17.89,0.45,0.56,101.2,19.96,100.0,52.63
435,03302101,REVLIMID,FIN,BRAND_MATERIAL_TYPE,202612,2025-09-26,7.98,,1385613.57,7.98,92.48,57.19,48.44,19.44,100.0,0.0,1.0,10.25,0.23,0.71,124.22,27.7,100.0,57.14
436,03302101,REVLIMID,FIN,BRAND_MATERIAL_TYPE,202612,2025-10-03,7.93,,4703965.72,7.93,89.2,58.91,33.03,22.9,100.0,0.0,1.0,47.89,0.63,0.55,91.92,19.46,100.0,50.99
437,03302101,REVLIMID,FIN,BRAND_MATERIAL_TYPE,202612,2025-10-10,,,0.0,,91.91,,,,,,,0.0,0.0,0.0,,,,
438,03302101,REVLIMID,FIN,BRAND_MATERIAL_TYPE,202612,2025-10-17,17.36,,6385895.13,17.36,86.87,68.82,29.32,18.15,100.0,0.0,1.0,51.49,0.58,0.0,98.36,20.18,100.0,48.41
439,03302101,REVLIMID,FIN,BRAND_MATERIAL_TYPE,202612,2025-10-24,33.78,,4648426.22,33.78,82.07,46.52,37.45,21.24,100.0,0.0,1.0,22.44,0.54,1.38,75.44,17.42,100.0,49.62
440,03302101,REVLIMID,FIN,BRAND_MATERIAL_TYPE,202612,2025-10-31,-35.23,,3504337.71,35.23,89.31,67.4,35.59,11.97,100.0,-0.0,1.0,19.82,0.36,0.71,109.73,23.99,100.0,51.18
441,03302101,REVLIMID,FIN,BRAND_MATERIAL_TYPE,202612,2025-11-07,28.91,,2775934.0,28.91,86.76,58.49,35.07,14.99,100.0,0.0,1.0,41.18,0.59,1.1,-364.07,20.51,100.0,50.7
442,03302101,REVLIMID,FIN,BRAND_MATERIAL_TYPE,202612,2025-11-14,69.67,,5882787.18,69.67,88.82,81.13,36.28,28.85,100.0,0.0,1.0,18.88,0.31,0.72,10.16,29.44,100.0,51.08
443,03302101,REVLIMID,FIN,BRAND_MATERIAL_TYPE,202612,2025-11-19,58.74,,9524411.68,58.74,78.53,53.27,23.65,19.83,100.0,0.0,1.0,55.51,0.88,1.02,97.7,12.6,100.0,43.82
444,03302101,REVLIMID,FIN,BRAND_MATERIAL_TYPE,202612,2025-11-21,44.39,,3267942.63,44.39,82.37,48.57,34.99,40.41,100.0,0.0,1.0,18.68,0.47,1.36,5.03,16.99,100.0,48.52
445,03302101,REVLIMID,FIN,BRAND_MATERIAL_TYPE,202612,2025-11-28,2.55,,1598037.19,2.55,94.35,88.25,44.51,14.76,100.0,0.0,1.0,17.09,0.26,0.34,-2.72,39.28,100.0,56.43
446,03302101,REVLIMID,FIN,BRAND_MATERIAL_TYPE,202612,2025-12-05,-49.2,,6246307.69,49.2,87.93,44.75,35.17,32.74,100.0,-0.0,1.0,49.72,0.67,0.19,4.74,15.74,100.0,51.48
447,03302101,REVLIMID,FIN,BRAND_MATERIAL_TYPE,202612,2025-12-12,33.13,,4950321.77,33.13,85.15,35.8,49.53,41.39,100.0,0.0,1.0,12.84,0.25,0.0,0.24,17.73,100.0,54.72
448,03302101,REVLIMID,FIN,BRAND_MATERIAL_TYPE,202612,2025-12-17,-18.27,,6253773.54,18.27,86.27,49.96,29.75,22.52,100.0,-0.0,1.0,56.06,0.78,0.38,-0.17,14.87,100.0,49.02
449,03302101,REVLIMID,FIN,BRAND_MATERIAL_TYPE,202612,2025-12-19,57.18,,990062.76,57.18,85.78,30.59,41.97,27.91,100.0,0.0,1.0,9.71,0.28,0.95,78.05,12.84,100.0,52.04
450,03302101,REVLIMID,FIN,BRAND_MATERIAL_TYPE,202612,2025-12-26,-57.08,,2253598.88,57.08,96.84,99.33,59.22,36.43,100.0,-0.0,1.0,13.06,0.18,0.86,84.09,58.82,100.0,63.02
451,03302101,REVLIMID,FIN,BRAND_MATERIAL_TYPE,202612,2026-01-02,36.61,,11510037.47,36.61,93.53,93.45,17.61,12.17,-36.68,162.47,-0.51,58.87,0.61,0.71,0.51,16.46,199.15,46.49
452,03302101,REVLIMID,FIN,BRAND_MATERIAL_TYPE,202612,2026-01-09,-90.97,,6865492.19,90.97,86.09,25.2,36.72,18.91,100.0,-0.0,1.0,11.73,0.23,0.38,0.42,9.25,100.0,49.9
453,03302101,REVLIMID,FIN,BRAND_MATERIAL_TYPE,202612,2026-01-16,90.09,,6158423.63,90.09,93.03,52.48,39.99,15.76,100.0,0.0,1.0,16.04,0.22,0.0,59.68,20.99,100.0,53.96
454,03302101,REVLIMID,FIN,BRAND_MATERIAL_TYPE,202612,2026-01-23,31.7,,14717616.18,31.7,85.52,76.82,21.37,19.57,-32.08,139.71,-0.09,55.84,0.79,0.78,-0.7,16.41,171.79,45.37
455,03302101,REVLIMID,FIN,BRAND_MATERIAL_TYPE,202612,2026-01-30,7.12,,6577350.95,7.12,79.63,27.61,41.96,36.83,100.0,0.0,1.0,20.96,0.52,0.0,31127.17,11.59,100.0,50.36
456,03302101,REVLIMID,HALB,BRAND_MATERIAL_TYPE,202612,2025-07-18,,,0.0,,100.0,,,,,,,0.0,0.0,0.0,,,,
457,03302101,REVLIMID,HALB,BRAND_MATERIAL_TYPE,202612,2025-07-25,-91.41,,2849037.16,91.41,98.11,100.0,95.03,91.31,100.0,-0.0,1.0,42.31,0.42,0.0,92.47,95.03,100.0,78.67
458,03302101,REVLIMID,HALB,BRAND_MATERIAL_TYPE,202612,2025-08-01,-47.54,,182008.0,47.54,98.11,100.0,91.66,93.92,100.0,-0.0,1.0,23.08,0.27,0.0,37.01,91.66,100.0,76.82
459,03302101,REVLIMID,HALB,BRAND_MATERIAL_TYPE,202612,2025-08-08,-4.58,,1915833.23,4.58,98.11,100.0,66.93,69.42,100.0,-0.0,1.0,62.5,0.77,0.0,6.35,66.93,100.0,68.59
460,03302101,REVLIMID,HALB,BRAND_MATERIAL_TYPE,202612,2025-08-15,93.46,,8166721.15,93.46,98.13,100.0,91.17,59.43,100.0,0.0,1.0,57.14,0.68,0.0,74.72,91.17,100.0,77.99
461,03302101,REVLIMID,HALB,BRAND_MATERIAL_TYPE,202612,2025-08-22,67.91,,1933645.95,67.91,98.15,100.0,84.97,71.79,100.0,0.0,1.0,37.74,0.56,0.0,161.2,84.97,100.0,75.1
462,03302101,REVLIMID,HALB,BRAND_MATERIAL_TYPE,202612,2025-08-26,,,0.0,,98.15,,,,,,,0.0,0.0,0.0,,,,
463,03302101,REVLIMID,HALB,BRAND_MATERIAL_TYPE,202612,2025-08-29,-16.09,,571281.05,16.09,89.81,62.53,59.53,84.22,100.0,-0.0,1.0,34.02,0.39,0.0,-29.53,37.22,100.0,61.03
464,03302101,REVLIMID,HALB,BRAND_MATERIAL_TYPE,202612,2025-09-05,-94.59,,6706536.34,94.59,75.47,94.77,93.36,63.77,100.0,-0.0,1.0,45.0,0.73,1.25,71.85,88.48,100.0,69.95
465,03302101,REVLIMID,HALB,BRAND_MATERIAL_TYPE,202612,2025-09-12,-90.94,,2177757.38,90.94,82.08,5.17,93.73,89.3,100.0,-0.0,1.0,20.69,0.44,1.15,81.32,4.85,100.0,71.8
466,03302101,REVLIMID,HALB,BRAND_MATERIAL_TYPE,202612,2025-09-18,-96.79,,8674358.89,96.79,76.42,73.06,92.73,71.9,100.0,-0.0,1.0,48.15,0.83,1.23,70.78,67.74,100.0,70.42
467,03302101,REVLIMID,HALB,BRAND_MATERIAL_TYPE,202612,2025-09-19,-6.66,,371173.73,6.66,83.02,53.24,64.16,83.16,100.0,-0.0,1.0,23.86,0.59,4.55,4.55,34.16,100.0,60.85
468,03302101,REVLIMID,HALB,BRAND_MATERIAL_TYPE,202612,2025-09-26,-44.9,,83822.4,44.9,92.52,69.52,70.1,88.09,100.0,-0.0,1.0,21.21,0.27,0.0,-42.27,48.74,100.0,65.95
469,03302101,REVLIMID,HALB,BRAND_MATERIAL_TYPE,202612,2025-10-03,33.73,,204974.37,33.73,94.55,91.97,59.12,82.85,100.0,0.0,1.0,29.81,0.4,0.96,17.03,54.37,100.0,62.8
470,03302101,REVLIMID,HALB,BRAND_MATERIAL_TYPE,202612,2025-10-10,,,0.0,,91.82,,,,,,,0.0,0.0,0.0,,,,
471,03302101,REVLIMID,HALB,BRAND_MATERIAL_TYPE,202612,2025-10-17,15.45,,503627.84,15.45,89.09,76.67,55.13,90.04,100.0,0.0,1.0,39.8,0.45,0.0,6.9,42.27,100.0,59.17
472,03302101,REVLIMID,HALB,BRAND_MATERIAL_TYPE,202612,2025-10-24,52.04,,1220598.68,52.04,81.08,80.56,74.69,56.15,100.0,0.0,1.0,35.56,0.71,2.22,30.52,60.17,100.0,64.68
473,03302101,REVLIMID,HALB,BRAND_MATERIAL_TYPE,202612,2025-10-31,38.23,,675600.61,38.23,82.73,56.48,78.27,97.13,100.0,0.0,1.0,23.08,0.45,1.1,-22.96,44.21,100.0,65.92
474,03302101,REVLIMID,HALB,BRAND_MATERIAL_TYPE,202612,2025-11-07,-87.33,,1210831.15,87.33,82.57,15.35,70.97,98.19,100.0,-0.0,1.0,27.78,0.5,0.0,479.68,10.89,100.0,63.07
475,03302101,REVLIMID,HALB,BRAND_MATERIAL_TYPE,202612,2025-11-14,98.38,,36833688.42,98.38,82.57,1.21,99.25,99.0,100.0,0.0,1.0,33.33,0.52,0.0,89.88,1.2,100.0,74.47
476,03302101,REVLIMID,HALB,BRAND_MATERIAL_TYPE,202612,2025-11-19,7.69,,2024567.73,7.69,64.22,39.43,64.0,66.61,100.0,0.0,1.0,48.57,1.0,1.43,2.72,25.24,100.0,54.62
477,03302101,REVLIMID,HALB,BRAND_MATERIAL_TYPE,202612,2025-11-21,99.41,,27587503.33,99.41,70.64,1.2,98.31,97.6,100.0,0.0,1.0,35.06,1.02,3.9,95.09,1.18,100.0,70.98
478,03302101,REVLIMID,HALB,BRAND_MATERIAL_TYPE,202612,2025-11-28,-92.05,,1706243.6,92.05,87.39,16.2,90.64,83.37,100.0,-0.0,1.0,24.74,0.55,1.03,104.96,14.69,100.0,73.04
479,03302101,REVLIMID,HALB,BRAND_MATERIAL_TYPE,202612,2025-12-05,-97.94,,63151617.61,97.94,81.65,1.11,99.5,99.04,100.0,-0.0,1.0,47.19,0.83,1.12,95.3,1.1,100.0,75.24
480,03302101,REVLIMID,HALB,BRAND_MATERIAL_TYPE,202612,2025-12-12,99.91,,676392958.27,99.91,84.96,0.24,99.95,99.92,100.0,0.0,1.0,27.08,0.46,0.0,99.77,0.24,100.0,75.5
481,03302101,REVLIMID,HALB,BRAND_MATERIAL_TYPE,202612,2025-12-17,99.86,,676620155.25,99.86,68.75,0.22,99.88,99.83,100.0,0.0,1.0,48.05,0.94,2.6,100.17,0.22,100.0,70.58
482,03302101,REVLIMID,HALB,BRAND_MATERIAL_TYPE,202612,2025-12-19,27.37,,317852.75,27.37,81.98,32.07,64.58,85.93,100.0,0.0,1.0,30.77,0.77,6.59,11.99,20.71,100.0,61.18
483,03302101,REVLIMID,HALB,BRAND_MATERIAL_TYPE,202612,2025-12-26,-84.96,,303903.29,84.96,83.78,63.66,93.78,99.38,100.0,-0.0,1.0,17.2,0.34,0.0,16.88,59.7,100.0,72.17
484,03302101,REVLIMID,HALB,BRAND_MATERIAL_TYPE,202612,2026-01-02,99.98,,814419742.55,99.98,91.07,99.94,99.54,99.56,0.03,99.92,-1.0,52.94,0.57,0.0,99.48,99.48,99.88,78.15
485,03302101,REVLIMID,HALB,BRAND_MATERIAL_TYPE,202612,2026-01-09,-99.96,,1486366613.42,99.96,81.98,0.08,99.96,99.92,100.0,-0.0,1.0,26.37,0.5,0.0,99.58,0.08,100.0,74.46
486,03302101,REVLIMID,HALB,BRAND_MATERIAL_TYPE,202612,2026-01-16,71.87,,5715139.79,71.87,88.99,40.82,85.13,73.95,100.0,0.0,1.0,41.24,0.54,0.0,44.18,34.75,100.0,71.45
487,03302101,REVLIMID,HALB,BRAND_MATERIAL_TYPE,202612,2026-01-23,-98.07,,681738300.19,98.07,71.56,0.91,99.49,99.48,100.84,-121.69,-0.09,62.82,0.97,1.28,100.75,0.9,222.54,71.66
488,03302101,REVLIMID,HALB,BRAND_MATERIAL_TYPE,202612,2026-01-30,-22.78,,4872904.48,22.78,64.22,22.59,46.42,54.99,100.0,-0.0,1.0,38.57,1.02,0.0,-73758.84,10.48,100.0,47.65
489,03302101,REVLIMID,PACK,BRAND_MATERIAL_TYPE,202612,2025-07-18,,,0.0,,100.0,,,,,,,0.0,0.0,0.0,,,,
490,03302101,REVLIMID,PACK,BRAND_MATERIAL_TYPE,202612,2025-07-25,6.08,,24253.82,6.08,100.0,100.0,78.53,72.38,100.0,0.0,1.0,19.17,0.19,0.0,-0.05,78.53,100.0,72.05
491,03302101,REVLIMID,PACK,BRAND_MATERIAL_TYPE,202612,2025-08-01,-84.05,,72000.11,84.05,100.0,100.0,63.01,93.56,100.0,-0.0,1.0,25.0,0.28,0.0,25.88,63.01,100.0,66.12
492,03302101,REVLIMID,PACK,BRAND_MATERIAL_TYPE,202612,2025-08-08,87.04,,78584.33,87.04,100.0,100.0,75.22,85.66,100.0,0.0,1.0,37.5,0.43,0.0,-4.95,75.22,100.0,71.53
493,03302101,REVLIMID,PACK,BRAND_MATERIAL_TYPE,202612,2025-08-15,-51.56,,47440.42,51.56,100.0,100.0,61.94,84.3,100.0,-0.0,1.0,36.36,0.45,0.0,-0.24,61.94,100.0,66.29
494,03302101,REVLIMID,PACK,BRAND_MATERIAL_TYPE,202612,2025-08-22,-64.41,,59271.23,64.41,99.17,100.0,72.25,80.77,100.0,-0.0,1.0,34.17,0.52,0.0,-4.69,72.25,100.0,70.31
495,03302101,REVLIMID,PACK,BRAND_MATERIAL_TYPE,202612,2025-08-26,,,0.0,,99.17,,,,,,,0.0,0.0,0.0,,,,
496,03302101,REVLIMID,PACK,BRAND_MATERIAL_TYPE,202612,2025-08-29,90.37,,20558.35,90.37,99.17,100.0,88.43,81.02,100.0,0.0,1.0,20.83,0.21,0.0,5.97,88.43,100.0,75.76
497,03302101,REVLIMID,PACK,BRAND_MATERIAL_TYPE,202612,2025-09-05,-67.46,,57708.42,67.46,95.04,97.37,69.25,75.57,100.0,-0.0,1.0,32.17,0.41,0.87,0.44,67.43,100.0,67.09
498,03302101,REVLIMID,PACK,BRAND_MATERIAL_TYPE,202612,2025-09-12,4.72,,31905.11,4.72,91.74,90.76,57.96,74.77,100.0,0.0,1.0,24.32,0.41,0.9,-0.06,52.61,100.0,61.26
499,03302101,REVLIMID,PACK,BRAND_MATERIAL_TYPE,202612,2025-09-18,27.56,,139744.7,27.56,86.44,52.17,52.64,90.46,100.0,0.0,1.0,44.12,0.81,1.96,-0.32,27.46,100.0,58.34
500,03302101,REVLIMID,PACK,BRAND_MATERIAL_TYPE,202612,2025-09-19,17.86,,126864.17,17.86,75.42,37.57,61.15,95.96,100.0,0.0,1.0,34.83,0.74,0.0,-4.17,22.98,100.0,57.09
501,03302101,REVLIMID,PACK,BRAND_MATERIAL_TYPE,202612,2025-09-26,22.78,,70550.99,22.78,91.67,65.55,83.04,83.69,100.0,0.0,1.0,28.28,0.43,0.0,18.05,54.43,100.0,71.3
502,03302101,REVLIMID,PACK,BRAND_MATERIAL_TYPE,202612,2025-10-03,-51.4,,70708.82,51.4,89.74,53.8,53.47,66.3,100.0,-0.0,1.0,25.71,0.43,0.95,-8.95,28.77,100.0,58.71
503,03302101,REVLIMID,PACK,BRAND_MATERIAL_TYPE,202612,2025-10-10,,,0.0,,88.03,,,,,,,0.0,0.0,0.0,,,,
504,03302101,REVLIMID,PACK,BRAND_MATERIAL_TYPE,202612,2025-10-17,-30.91,,191457.69,30.91,93.22,77.55,41.95,92.64,100.0,-0.0,1.0,60.91,0.69,0.0,-5.25,32.53,100.0,56.36
505,03302101,REVLIMID,PACK,BRAND_MATERIAL_TYPE,202612,2025-10-24,-54.51,,227277.59,54.51,79.67,28.85,60.6,90.78,100.0,-0.0,1.0,45.92,0.89,3.06,-5.95,17.49,100.0,59.07
506,03302101,REVLIMID,PACK,BRAND_MATERIAL_TYPE,202612,2025-10-31,-84.72,,163542.23,84.72,86.99,12.27,85.1,90.42,100.0,-0.0,1.0,32.71,0.64,2.8,12.31,10.44,100.0,70.98
507,03302101,REVLIMID,PACK,BRAND_MATERIAL_TYPE,202612,2025-11-07,28.3,,106384.07,28.3,93.5,93.22,39.21,79.5,100.0,0.0,1.0,43.48,0.68,4.35,-13.66,36.55,100.0,55.36
508,03302101,REVLIMID,PACK,BRAND_MATERIAL_TYPE,202612,2025-11-14,-18.08,,71408.43,18.08,86.44,86.88,62.99,64.2,100.0,-0.0,1.0,32.35,0.49,0.98,-0.03,54.73,100.0,61.41
509,03302101,REVLIMID,PACK,BRAND_MATERIAL_TYPE,202612,2025-11-19,-9.44,,154971.01,9.44,89.83,85.75,56.05,88.43,100.0,-0.0,1.0,62.26,0.95,3.77,-0.26,48.07,100.0,61.52
510,03302101,REVLIMID,PACK,BRAND_MATERIAL_TYPE,202612,2025-11-21,-52.64,,63091.13,52.64,83.05,72.03,60.97,73.44,100.0,-0.0,1.0,31.63,0.64,2.04,-0.12,43.92,100.0,59.75
511,03302101,REVLIMID,PACK,BRAND_MATERIAL_TYPE,202612,2025-11-28,23.7,,62952.04,23.7,94.92,77.24,49.73,88.31,100.0,0.0,1.0,29.46,0.54,1.79,-1.0,38.41,100.0,59.67
512,03302101,REVLIMID,PACK,BRAND_MATERIAL_TYPE,202612,2025-12-05,34.36,,81984.66,34.36,88.14,88.64,60.8,76.97,100.0,0.0,1.0,38.46,0.71,0.0,-0.04,53.89,100.0,61.95
513,03302101,REVLIMID,PACK,BRAND_MATERIAL_TYPE,202612,2025-12-12,-79.19,,89635.61,79.19,85.34,88.12,67.54,87.46,100.0,-0.0,1.0,22.22,0.42,2.02,-0.01,59.51,100.0,62.56
514,03302101,REVLIMID,PACK,BRAND_MATERIAL_TYPE,202612,2025-12-17,-19.71,,209949.39,19.71,88.79,68.51,44.14,88.02,100.0,-0.0,1.0,50.49,0.87,0.97,-0.01,30.24,100.0,56.08
515,03302101,REVLIMID,PACK,BRAND_MATERIAL_TYPE,202612,2025-12-19,71.85,,47118.17,71.85,73.28,20.03,80.6,75.13,100.0,0.0,1.0,20.0,0.63,1.18,4.67,16.14,100.0,63.65
516,03302101,REVLIMID,PACK,BRAND_MATERIAL_TYPE,202612,2025-12-26,29.07,,50699.32,29.07,96.55,99.36,81.91,72.92,100.0,0.0,1.0,14.29,0.22,0.89,-0.96,81.39,100.0,72.1
517,03302101,REVLIMID,PACK,BRAND_MATERIAL_TYPE,202612,2026-01-02,-19.02,,100935.07,19.02,94.83,74.82,34.18,72.59,-33.46,135.0,-0.63,86.36,0.21,0.0,-0.0,25.57,168.45,52.29
518,03302101,REVLIMID,PACK,BRAND_MATERIAL_TYPE,202612,2026-01-09,23.03,,54034.71,23.03,94.83,58.66,55.9,52.45,100.0,0.0,1.0,26.36,0.37,0.0,-0.0,32.79,100.0,61.53
519,03302101,REVLIMID,PACK,BRAND_MATERIAL_TYPE,202612,2026-01-16,-80.73,,330101.13,80.73,53.91,30.66,28.91,75.48,100.0,-0.0,1.0,66.13,0.97,0.0,-2.87,8.87,100.0,36.35
520,03302101,REVLIMID,PACK,BRAND_MATERIAL_TYPE,202612,2026-01-23,-54.01,,362221.32,54.01,52.17,38.53,29.43,76.46,96.0,12.17,0.58,55.0,1.68,0.0,0.03,11.34,83.83,38.24
521,03302101,REVLIMID,PACK,BRAND_MATERIAL_TYPE,202612,2026-01-30,38.59,,78216.11,38.59,79.13,19.06,68.36,99.27,100.0,0.0,1.0,36.26,1.01,0.0,2005.24,13.03,100.0,62.36
522,03302101,REVLIMID,RAW,BRAND_MATERIAL_TYPE,202612,2025-07-18,,,0.0,,100.0,,,,,,,0.0,0.0,0.0,,,,
523,03302101,REVLIMID,RAW,BRAND_MATERIAL_TYPE,202612,2025-07-25,-100.0,,6114.5,100.0,100.0,100.0,100.0,100.0,100.0,-0.0,1.0,12.5,0.12,0.0,0.22,100.0,100.0,80.42
524,03302101,REVLIMID,RAW,BRAND_MATERIAL_TYPE,202612,2025-08-01,-100.0,,1953.0,100.0,100.0,100.0,100.0,100.0,100.0,-0.0,1.0,12.5,0.12,0.0,0.84,100.0,100.0,80.42
525,03302101,REVLIMID,RAW,BRAND_MATERIAL_TYPE,202612,2025-08-08,,,0.0,,100.0,,,,,,,0.0,0.0,0.0,-0.0,,,
526,03302101,REVLIMID,RAW,BRAND_MATERIAL_TYPE,202612,2025-08-15,,,0.0,,100.0,,,,,,,0.0,0.0,0.0,0.0,,,
527,03302101,REVLIMID,RAW,BRAND_MATERIAL_TYPE,202612,2025-08-22,-100.0,,12822.16,100.0,100.0,100.0,100.0,100.0,100.0,-0.0,1.0,25.0,0.25,0.0,-1.57,100.0,100.0,80.83
528,03302101,REVLIMID,RAW,BRAND_MATERIAL_TYPE,202612,2025-08-26,,,0.0,,100.0,,,,,,,0.0,0.0,0.0,,,,
529,03302101,REVLIMID,RAW,BRAND_MATERIAL_TYPE,202612,2025-08-29,,,0.0,,100.0,,,,,,,0.0,0.0,0.0,0.0,,,
530,03302101,REVLIMID,RAW,BRAND_MATERIAL_TYPE,202612,2025-09-05,61.29,,1741.09,61.29,100.0,100.0,100.0,100.0,100.0,0.0,1.0,25.0,0.25,0.0,-0.01,100.0,100.0,80.83
531,03302101,REVLIMID,RAW,BRAND_MATERIAL_TYPE,202612,2025-09-12,-100.0,,8537.16,100.0,100.0,100.0,100.0,100.0,100.0,-0.0,1.0,25.0,0.25,0.0,0.35,100.0,100.0,80.83
532,03302101,REVLIMID,RAW,BRAND_MATERIAL_TYPE,202612,2025-09-18,61.29,,1741.09,61.29,100.0,100.0,100.0,100.0,100.0,0.0,1.0,28.57,0.29,0.0,-0.01,100.0,100.0,80.95
533,03302101,REVLIMID,RAW,BRAND_MATERIAL_TYPE,202612,2025-09-19,100.0,,8537.16,100.0,100.0,100.0,100.0,100.0,100.0,0.0,1.0,28.57,0.29,0.0,-1.57,100.0,100.0,80.95
534,03302101,REVLIMID,RAW,BRAND_MATERIAL_TYPE,202612,2025-09-26,,,0.0,,100.0,,,,,,,0.0,0.0,0.0,0.0,,,
535,03302101,REVLIMID,RAW,BRAND_MATERIAL_TYPE,202612,2025-10-03,,,0.0,,100.0,,,,,,,0.0,0.0,0.0,0.0,,,
536,03302101,REVLIMID,RAW,BRAND_MATERIAL_TYPE,202612,2025-10-10,,,0.0,,100.0,,,,,,,0.0,0.0,0.0,,,,
537,03302101,REVLIMID,RAW,BRAND_MATERIAL_TYPE,202612,2025-10-17,-100.0,,153.54,100.0,100.0,100.0,98.35,100.0,100.0,-0.0,1.0,85.71,0.86,0.0,-0.01,98.35,100.0,82.2
538,03302101,REVLIMID,RAW,BRAND_MATERIAL_TYPE,202612,2025-10-24,-100.0,,153.54,100.0,100.0,100.0,98.35,100.0,100.0,-0.0,1.0,85.71,1.71,0.0,-0.01,98.35,100.0,85.05
539,03302101,REVLIMID,RAW,BRAND_MATERIAL_TYPE,202612,2025-10-31,-100.0,,10212.15,100.0,100.0,100.0,100.0,100.0,100.0,-0.0,1.0,42.86,1.29,0.0,0.91,100.0,100.0,84.29
540,03302101,REVLIMID,RAW,BRAND_MATERIAL_TYPE,202612,2025-11-07,100.0,,4326.0,100.0,100.0,100.0,100.0,100.0,100.0,0.0,1.0,14.29,0.14,0.0,-1.96,100.0,100.0,80.48
541,03302101,REVLIMID,RAW,BRAND_MATERIAL_TYPE,202612,2025-11-14,-79.82,,4621.47,79.82,100.0,100.0,100.0,100.0,100.0,-0.0,1.0,42.86,0.43,0.0,-0.01,100.0,100.0,81.43
542,03302101,REVLIMID,RAW,BRAND_MATERIAL_TYPE,202612,2025-11-19,-100.0,,9575.06,100.0,100.0,100.0,100.0,100.0,100.0,-0.0,1.0,37.5,0.62,25.0,-0.17,100.0,100.0,82.08
543,03302101,REVLIMID,RAW,BRAND_MATERIAL_TYPE,202612,2025-11-21,,,0.0,,100.0,,,,,,,0.0,0.0,0.0,0.0,,,
544,03302101,REVLIMID,RAW,BRAND_MATERIAL_TYPE,202612,2025-11-28,100.0,,18596.81,100.0,100.0,100.0,100.0,100.0,100.0,0.0,1.0,12.5,0.12,0.0,-1.24,100.0,100.0,80.42
545,03302101,REVLIMID,RAW,BRAND_MATERIAL_TYPE,202612,2025-12-05,-100.0,,4211.16,100.0,100.0,100.0,100.0,100.0,100.0,-0.0,1.0,12.5,0.12,0.0,0.01,100.0,100.0,80.42
546,03302101,REVLIMID,RAW,BRAND_MATERIAL_TYPE,202612,2025-12-12,100.0,,4211.16,100.0,100.0,100.0,100.0,100.0,100.0,0.0,1.0,12.5,0.12,0.0,0.0,100.0,100.0,80.42
547,03302101,REVLIMID,RAW,BRAND_MATERIAL_TYPE,202612,2025-12-17,100.0,,56983.82,100.0,87.5,68.79,100.0,100.0,100.0,0.0,1.0,28.57,0.38,0.0,0.01,68.79,100.0,76.25
548,03302101,REVLIMID,RAW,BRAND_MATERIAL_TYPE,202612,2025-12-19,100.0,,38387.0,100.0,87.5,53.66,100.0,100.0,100.0,0.0,1.0,14.29,0.5,0.0,5.29,53.66,100.0,76.67
549,03302101,REVLIMID,RAW,BRAND_MATERIAL_TYPE,202612,2025-12-26,,,0.0,,100.0,,,,,,,0.0,0.0,0.0,-0.0,,,
550,03302101,REVLIMID,RAW,BRAND_MATERIAL_TYPE,202612,2026-01-02,100.0,,26948.13,100.0,100.0,100.0,81.95,100.0,0.0,100.0,-1.0,100.0,0.0,0.0,0.0,81.95,100.0,72.78
551,03302101,REVLIMID,RAW,BRAND_MATERIAL_TYPE,202612,2026-01-09,-100.0,,23075.34,100.0,87.5,65.93,100.0,100.0,100.0,-0.0,1.0,28.57,0.38,0.0,0.0,65.93,100.0,76.25
552,03302101,REVLIMID,RAW,BRAND_MATERIAL_TYPE,202612,2026-01-16,-65.09,,141106.88,65.09,42.86,23.08,97.88,100.0,100.0,-0.0,1.0,100.0,1.14,0.0,-0.99,22.59,100.0,60.1
553,03302101,REVLIMID,RAW,BRAND_MATERIAL_TYPE,202612,2026-01-23,81.48,,619634.8,81.48,25.0,3.87,98.72,100.0,87.41,5.34,0.94,100.0,1.75,0.0,-0.08,3.82,82.07,55.32
554,03302101,REVLIMID,RAW,BRAND_MATERIAL_TYPE,202612,2026-01-30,100.0,,612987.98,100.0,87.5,0.69,100.0,100.0,100.0,0.0,1.0,14.29,0.38,0.0,40726.43,0.69,100.0,76.25
