,corporate_brand,material_type,level,date,snapshot_date,Brand_Î”FIP_%,Brand_Abs_Impact,Brand_MT_Abs_Impact,Net_vs_Abs_Ratio,Signal_SKU_%,Impact_from_Signal_%,Top_5_SKU_%,Plant_Concentration_%,Qty_Impact_%,Cost_Impact_%,Weighted_Dominance,Driver_Conflict_%,Avg_Persistence,Structural_Shift_Index,ProductType_Impact_%,Actionability_Index,Ownership_Clarity_Index,Explainability_Score
0,REVLIMID,,BRAND,202612,2025-07-18,,0.0,,,1.0,,,,,,,0.0,0.0,0.0,,,,
1,REVLIMID,,BRAND,202612,2025-07-25,-0.09739459720458785,6131980.790447863,,0.4592644449392991,0.9976905311778291,2.177394769003226,1.3888988025404758,1.216497192976028,1.0,-0.0,1.0,0.20023148148148148,0.20092378752886836,0.0,,3.0241809873264764,1.0,0.9613331930716176
2,REVLIMID,,BRAND,202612,2025-08-01,-0.008928286015911311,2653641.42601327,,0.08809910521324321,0.9976905311778291,11.350853082781121,5.303500513788026,2.9316720582655935,1.0,-0.0,1.0,0.21875,0.2586605080831409,0.0,,60.19925515646207,1.0,2.5290984349224472
3,REVLIMID,,BRAND,202612,2025-08-08,-0.053298169009644875,8066822.150573649,,0.1714018904126813,0.9976662777129521,5.834241370339134,1.3646760639913347,1.338914057394079,1.0,-0.0,1.0,0.5473684210526316,0.6254375729288215,0.0,,7.96184954964982,1.0,0.9657848557793421
4,REVLIMID,,BRAND,202612,2025-08-15,0.41594781265077446,14986528.07872416,,0.6816427661295055,0.9976958525345622,1.4670441024089291,0.811219379999969,0.5807265418730566,1.0,0.0,1.0,0.31524249422632794,0.3951612903225806,0.0,,1.1900946071887823,1.0,0.7367381360245652
5,REVLIMID,,BRAND,202612,2025-08-22,0.022585640136888522,5571195.822306645,,0.14621537331850873,0.9965635738831615,6.839226117637075,4.170801074359353,3.8423278262027725,1.0,0.0,1.0,0.2206896551724138,0.30469644902634596,0.0,,28.52505163922726,1.0,2.0771024075978843
6,REVLIMID,,BRAND,202612,2025-08-26,,0.0,,,0.9965556831228473,,,,,,,0.0,0.0,0.0,,,,
7,REVLIMID,,BRAND,202612,2025-08-29,0.008437414252145281,4116423.048160113,,0.07560101965221726,0.960919540229885,8.766399563424685,5.363707238839515,3.4606588419606696,1.0,0.0,1.0,0.19736842105263158,0.2264367816091954,0.0,,47.020400796900546,1.0,2.5373986043480667
8,REVLIMID,,BRAND,202612,2025-09-05,-0.23741579795797382,11854308.967300285,,0.7447963397281904,0.8788927335640139,1.0330624831021784,0.7705142308499547,0.5295430822057108,1.0,-0.0,1.0,0.4041994750656168,0.5432525951557093,0.013123359580052493,,0.7959893445874193,1.0,0.6778712056041111
9,REVLIMID,,BRAND,202612,2025-09-12,-0.0881946184076648,4401863.985152468,,0.5532091807325134,0.8900584795321638,0.6654689920799505,1.1555968963152288,1.0312610808859672,1.0,-0.0,1.0,0.1616294349540079,0.3087719298245614,0.003942181340341655,,0.7690139018416143,1.0,0.8285545479997758
10,REVLIMID,,BRAND,202612,2025-09-18,-0.32244176217983256,15710544.80580843,,0.7550993708661892,0.8482352941176471,0.9041144454784672,0.8069170937995932,0.6455923517606991,1.0,-0.0,1.0,0.49791955617198336,0.7658823529411765,0.008321775312066574,,0.7295454008077155,1.0,0.687590366931602
11,REVLIMID,,BRAND,202612,2025-09-19,-0.021570105275412775,4321127.031427864,,0.12565717772902232,0.8411764705882353,3.80043042301524,2.956258210503494,1.5208522574331205,1.0,-0.0,1.0,0.2083916083916084,0.5035294117647059,0.009790209790209791,,11.23505364148607,1.0,1.5357581861621818
12,REVLIMID,,BRAND,202612,2025-09-26,0.0036148565058400596,1539986.9600224697,,0.057820298193872896,0.9244604316546763,10.072993802728488,7.537708633163651,4.517247777880058,1.0,0.0,1.0,0.13878080415045396,0.26019184652278177,0.005188067444876783,,75.92729234863047,1.0,3.3935406874780907
13,REVLIMID,,BRAND,202612,2025-10-03,0.016437053623333215,4979648.900995144,,0.08151011583480641,0.9005917159763314,7.38569659788442,3.8281702312602226,2.6716011923346716,1.0,0.0,1.0,0.4191852825229961,0.5668639053254438,0.006570302233902759,,28.273703853141036,1.0,1.9104002424054698
14,REVLIMID,,BRAND,202612,2025-10-10,0.0,0.0,,,0.9143192488262911,,,,,,,0.0,0.0,0.0,,,,
15,REVLIMID,,BRAND,202612,2025-10-17,0.04532158095662839,7081134.194301342,,0.15918787956242378,0.8814553990610329,4.37308116657105,1.6611040597200553,1.0515161095066974,1.0,0.0,1.0,0.5166444740346205,0.5786384976525821,0.0,,7.264142879276487,1.0,1.036311733434188
16,REVLIMID,,BRAND,202612,2025-10-24,0.08286255207860506,6096456.039422573,,0.3413851475712499,0.8174418604651162,1.5430290225126886,1.038653947497168,0.8037275302591964,1.0,0.0,1.0,0.2802275960170697,0.6232558139534884,0.017069701280227598,,1.6026731853355007,1.0,0.7632135169833634
17,REVLIMID,,BRAND,202612,2025-10-31,-0.041307641993255546,4353692.697763719,,0.25843689403495546,0.8823529411764706,2.465342688780855,1.1085869049574955,1.0421409363359702,1.0,-0.0,1.0,0.2222222222222222,0.42214532871972316,0.01045751633986928,,2.7330466210151583,1.0,0.8104474494109105
18,REVLIMID,,BRAND,202612,2025-11-07,-0.00838961866101084,4097475.2114188266,,0.05379624003812704,0.8729792147806005,8.677896885080491,6.251124804586559,7.68509794602504,1.0,-0.0,1.0,0.3968253968253968,0.5866050808314087,0.01455026455026455,,54.246616469971094,1.0,2.8691951104412445
19,REVLIMID,,BRAND,202612,2025-11-14,1.5489152701602826,42792505.50441651,,0.9421679152203376,0.877906976744186,0.131099622295655,0.9420548646352473,0.9204800592054253,1.0,0.0,1.0,0.22649006622516557,0.36511627906976746,0.006622516556291391,,0.12350303693546533,1.0,0.7401552791874322
20,REVLIMID,,BRAND,202612,2025-11-19,0.2222085044049641,11713525.472279567,,0.488859137333225,0.7846332945285215,1.050284924399919,0.4187890032334204,0.3942399481642275,1.0,0.0,1.0,0.5563798219584569,0.9057043073341094,0.017804154302670624,,0.43984777660053037,1.0,0.5115590626825804
21,REVLIMID,,BRAND,202612,2025-11-21,0.43480625126957695,30918537.092116725,,0.9328079857811844,0.8114086146682189,0.0680434736037176,0.9598635618877136,0.9793917647410489,1.0,0.0,1.0,0.22094691535150646,0.5611175785797439,0.01721664275466284,,0.06531245093647699,1.0,0.7272127899083645
22,REVLIMID,,BRAND,202612,2025-11-28,-0.01572556881969483,3385829.6454314487,,0.44195174937885723,0.9358226371061844,1.1721274336404524,1.3046853902298985,1.0509268838445702,1.0,-0.0,1.0,0.1970074812967581,0.338389731621937,0.006234413965087282,,1.529257538158363,1.0,0.9074828686551645
23,REVLIMID,,BRAND,202612,2025-12-05,-0.6934538924152424,69484121.10718375,,0.9340663081565772,0.8726415094339622,0.055022603285031745,0.9886897683033442,0.9736506181487121,1.0,-0.0,1.0,0.4743243243243243,0.6945754716981132,0.002702702702702703,,0.05440028489332486,1.0,0.7676850268181931
24,REVLIMID,,BRAND,202612,2025-12-12,23.60902939570509,681437126.8001841,,0.994011937742429,0.8529411764705882,0.005126667033319833,1.000257478827917,0.9995908358517047,1.0,0.0,1.0,0.16,0.3035294117647059,0.002758620689655172,,0.005127987041538693,1.0,0.7513971091782257
25,REVLIMID,,BRAND,202612,2025-12-17,21.212027482722505,683140861.9988855,,0.9873907598611588,0.8431603773584906,0.007085668801679665,1.0029623026820318,1.00345350865109,1.0,0.0,1.0,0.5412587412587413,0.8113207547169812,0.006993006993006993,,0.00710665869737487,1.0,0.7654930971734416
26,REVLIMID,,BRAND,202612,2025-12-19,0.001027181454907472,1393420.6882759947,,0.5205424120035228,0.8358913813459268,0.5994671310086971,0.6512793789741566,0.8591888551565008,1.0,0.0,1.0,0.1370056497175141,0.3955135773317591,0.01694915254237288,,0.3904205807987636,1.0,0.608052090039092
27,REVLIMID,,BRAND,202612,2025-12-26,-0.0021662451590794634,2608201.500120199,,0.5864994903781849,0.9509569377990431,1.6228148305690557,0.872403839629692,0.5367127739471665,1.0,-0.0,1.0,0.13584905660377358,0.20454545454545456,0.007547169811320755,,1.4157498891964524,1.0,0.7361624927896759
28,REVLIMID,,BRAND,202612,2026-01-02,1.1615203078349874,826057663.2161608,,0.9907767538026677,0.9344457687723481,1.007739409781418,0.9912531394549298,0.9918875933997116,-0.0015470537697140202,1.0023743544057793,-0.9913121124479776,0.6237244897959183,0.5423122765196663,0.00510204081632653,,0.9989248536982887,1.0039214081754932,0.7883566391749001
29,REVLIMID,,BRAND,202612,2026-01-09,-0.979291206379121,1493309215.6686893,,0.9991053099602373,0.867699642431466,0.0019745095053019333,0.9965494657641998,0.995474950236913,1.0,-0.0,1.0,0.15934065934065933,0.2896305125148987,0.0027472527472527475,,0.001967696392654976,1.0,0.7553539936954297
30,REVLIMID,,BRAND,202612,2026-01-16,0.29739550893303685,12344771.439231785,,0.7530964498958257,0.8669064748201439,0.6129788308715055,0.6461409647559219,0.4973343125598962,1.0,0.0,1.0,0.24066390041493776,0.3752997601918465,0.0,,0.3960707331542716,1.0,0.6177289678368212
31,REVLIMID,,BRAND,202612,2026-01-23,-0.9406666715079314,697437772.4989961,,0.9514559727783413,0.7851140456182473,0.026607636718856142,1.024534186785566,1.026340727409028,1.0178753667690392,-1.2358705023132233,-0.09023503868685251,0.5672782874617737,0.9423769507803121,0.00764525993883792,,0.02726043344803904,2.2537458690822625,0.7552718579875357
32,REVLIMID,,BRAND,202612,2026-01-30,3.711152786298648e-05,12141459.525477478,,0.00012396662164831864,0.776173285198556,1950.6351217365711,2671.4578087237583,2924.2328039740537,1.0,0.0,1.0,0.2496124031007752,0.6498194945848376,0.0,,5211039.427933982,1.0,1068.9152534534023
33,REVLIMID,FIN,BRAND_MATERIAL_TYPE,202612,2025-07-18,,,0.0,,1.0,,,,,,,0.0,0.0,0.0,,,,
34,REVLIMID,FIN,BRAND_MATERIAL_TYPE,202612,2025-07-25,-0.0637463244082192,,3252575.309695659,0.0637463244082192,1.0,15.687178975154588,9.408539531185273,6.96645898706953,1.0,-0.0,1.0,0.1661392405063291,0.1661392405063291,0.0,0.07362391354803421,147.59344352052042,1.0,4.168953787157654
35,REVLIMID,FIN,BRAND_MATERIAL_TYPE,202612,2025-08-01,-0.03536482493932652,,2397680.31681535,0.03536482493932652,1.0,28.276684578974862,14.622228302181874,8.08288375416198,1.0,-0.0,1.0,0.2120253164556962,0.254746835443038,0.0,0.3627012521064698,413.46813754255595,1.0,6.257382882054185
36,REVLIMID,FIN,BRAND_MATERIAL_TYPE,202612,2025-08-08,-0.22450886932634742,,6072404.584715154,0.22450886932634742,1.0,4.454167013537421,0.9946434274394453,1.0474934853064315,1.0,-0.0,1.0,0.5746388443017657,0.6452648475120385,0.0,0.9859981782348194,4.430307944732578,1.0,0.8193661992261794
37,REVLIMID,FIN,BRAND_MATERIAL_TYPE,202612,2025-08-15,0.38499495058889893,,6772366.506948324,0.38499495058889893,1.0,2.59743666370266,0.8471017896548222,0.520587677116509,1.0,0.0,1.0,0.2674050632911392,0.3401898734177215,0.0,0.2552334699795519,2.2002932463375737,1.0,0.7501803783091863
38,REVLIMID,FIN,BRAND_MATERIAL_TYPE,202612,2025-08-22,-0.12552418500147472,,3565456.476535767,0.12552418500147472,1.0,7.966592254618117,5.076757109635125,3.8915946029660313,1.0,-0.0,1.0,0.17138364779874213,0.22169811320754718,0.0,-0.5494157289521865,40.444453868196646,1.0,2.438092780960968
39,REVLIMID,FIN,BRAND_MATERIAL_TYPE,202612,2025-08-26,,,0.0,,1.0,,,,,,,0.0,0.0,0.0,,,,
40,REVLIMID,FIN,BRAND_MATERIAL_TYPE,202612,2025-08-29,0.10909966792903968,,3524583.646888499,0.10909966792903968,0.9652448657187994,6.112302231852642,4.340916867680519,2.5719961244531704,1.0,0.0,1.0,0.1751227495908347,0.2037914691943128,0.0,1.2356162078969974,26.532995858610416,1.0,2.1292577423328716
41,REVLIMID,FIN,BRAND_MATERIAL_TYPE,202612,2025-09-05,-0.48098145842058654,,5088323.126885472,0.48098145842058654,0.884493670886076,1.1062928085090116,0.49169832873289304,0.5023956328804668,1.0,-0.0,1.0,0.41681574239713776,0.5411392405063291,0.014311270125223614,0.27719745691737596,0.5439623250330995,1.0,0.568514774531132
42,REVLIMID,FIN,BRAND_MATERIAL_TYPE,202612,2025-09-12,-0.2050480582196412,,2183664.342812772,0.2050480582196412,0.8951612903225806,3.2839591838749604,2.251360542237024,1.2653981781251462,1.0,-0.0,1.0,0.13693693693693693,0.2661290322580645,0.0018018018018018018,0.1838719770102087,7.393376128892986,1.0,1.2674797007657774
43,REVLIMID,FIN,BRAND_MATERIAL_TYPE,202612,2025-09-18,-0.5085609499386256,,6894700.127162314,0.5085609499386256,0.8578352180936996,1.230269369632768,0.7370763216370322,0.43358286466077045,1.0,-0.0,1.0,0.5141242937853108,0.7512116316639742,0.005649717514124294,0.2955718280528546,0.9068024215916309,1.0,0.6630050036144252
44,REVLIMID,FIN,BRAND_MATERIAL_TYPE,202612,2025-09-19,-0.14404746783973815,,3814551.9677199046,0.14404746783973815,0.8578352180936996,3.2935590796181557,2.9213092575097956,1.5028727068422614,1.0,-0.0,1.0,0.17890772128060264,0.4458804523424879,0.005649717514124294,1.0119634553937948,9.62150462944396,1.0,1.5265204719861478
45,REVLIMID,FIN,BRAND_MATERIAL_TYPE,202612,2025-09-26,0.07982561102565375,,1385613.565989259,0.07982561102565375,0.9248366013071896,7.164118022134887,6.068094538093419,2.4351440665271347,1.0,0.0,1.0,0.10247349823321555,0.23202614379084968,0.007067137809187279,1.2421870796251602,43.47254544037334,1.0,2.804906660553272
46,REVLIMID,FIN,BRAND_MATERIAL_TYPE,202612,2025-10-03,0.07931616874743047,,4703965.7151663825,0.07931616874743047,0.8919803600654664,7.4275868092731,4.164622099932426,2.8867704163743064,1.0,0.0,1.0,0.47889908256880737,0.630114566284779,0.005504587155963303,0.9192119091243206,30.933092175065326,1.0,2.0436448028753165
47,REVLIMID,FIN,BRAND_MATERIAL_TYPE,202612,2025-10-10,,,0.0,,0.919093851132686,,,,,,,0.0,0.0,0.0,,,,
48,REVLIMID,FIN,BRAND_MATERIAL_TYPE,202612,2025-10-17,0.1736290421734675,,6385895.128926343,0.1736290421734675,0.8687196110210696,3.9635740842254306,1.688750577799037,1.0451750844175405,1.0,0.0,1.0,0.5149253731343284,0.5786061588330632,0.0,0.9836290104397692,6.693488024884985,1.0,1.0422749474891448
49,REVLIMID,FIN,BRAND_MATERIAL_TYPE,202612,2025-10-24,0.3377711732783535,,4648426.222173113,0.3377711732783535,0.8206785137318255,1.3772281679507379,1.1087194687092412,0.6288306686872701,1.0,0.0,1.0,0.22440944881889763,0.5428109854604201,0.013779527559055118,0.7544082962361516,1.5269596826617438,1.0,0.789852892491774
50,REVLIMID,FIN,BRAND_MATERIAL_TYPE,202612,2025-10-31,-0.35232986189054905,,3504337.708353346,0.35232986189054905,0.8931419457735247,1.9130759958427548,1.010244798668055,0.3398582800621145,1.0,-0.0,1.0,0.1982142857142857,0.36363636363636365,0.007142857142857143,1.0973448281239344,1.9326750742568526,1.0,0.773475909897844
51,REVLIMID,FIN,BRAND_MATERIAL_TYPE,202612,2025-11-07,0.28909350290459934,,2775933.995837217,0.28909350290459934,0.8676236044657097,2.0230488478789352,1.2131936077893015,0.5185875211011349,1.0,0.0,1.0,0.4117647058823529,0.5885167464114832,0.011029411764705883,-3.6406523477337145,2.4543499304922354,1.0,0.8519441097823873
52,REVLIMID,FIN,BRAND_MATERIAL_TYPE,202612,2025-11-14,0.6966537484405236,,5882787.183905955,0.6966537484405236,0.8881789137380192,1.1645531617501401,0.5208101031598104,0.4141269134197238,1.0,0.0,1.0,0.18884892086330934,0.31309904153354634,0.007194244604316547,0.10164922926527854,0.6065110523061737,1.0,0.5740322414769167
53,REVLIMID,FIN,BRAND_MATERIAL_TYPE,202612,2025-11-19,0.5874176672262853,,9524411.675063927,0.5874176672262853,0.7852564102564102,0.9068023217413264,0.4026872242123817,0.33759968888751496,1.0,0.0,1.0,0.5551020408163265,0.8846153846153846,0.01020408163265306,0.9770432745301397,0.36515770985135776,1.0,0.5046646332746962
54,REVLIMID,FIN,BRAND_MATERIAL_TYPE,202612,2025-11-21,0.4439091996724726,,3267942.634017869,0.4439091996724726,0.8237179487179487,1.0940313617465696,0.7882903458920766,0.9102607643121758,1.0,0.0,1.0,0.1867704280155642,0.47275641025641024,0.013618677042801557,0.05029877141609824,0.8624143605679829,1.0,0.6605618648525571
55,REVLIMID,FIN,BRAND_MATERIAL_TYPE,202612,2025-11-28,0.02545349780128851,,1598037.191490488,0.02545349780128851,0.9435483870967742,34.67098946592439,17.486526295058525,5.798694470525246,1.0,0.0,1.0,0.17094017094017094,0.2645161290322581,0.003418803418803419,-0.02718281273220772,606.275168971584,1.0,7.380847077163195
56,REVLIMID,FIN,BRAND_MATERIAL_TYPE,202612,2025-12-05,-0.49204597920040516,,6246307.685316645,0.49204597920040516,0.8792822185970636,0.9093975583087008,0.7147113986538389,0.6653800978640622,1.0,-0.0,1.0,0.4972170686456401,0.6737357259380098,0.0018552875695732839,0.04735499385679001,0.6499568008311977,1.0,0.660055304431628
57,REVLIMID,FIN,BRAND_MATERIAL_TYPE,202612,2025-12-12,0.331260698324461,,4950321.769664428,0.331260698324461,0.8515497553017944,1.080700902539588,1.4950521650706445,1.2494404866848299,1.0,0.0,1.0,0.12835249042145594,0.2544861337683524,0.0,0.0024209507256162948,1.6157042241356105,1.0,0.9471236392745874
58,REVLIMID,FIN,BRAND_MATERIAL_TYPE,202612,2025-12-17,-0.1826657266567903,,6253773.543299905,0.1826657266567903,0.8627450980392157,2.735057058628592,1.6288980326208564,1.2328740479848386,1.0,-0.0,1.0,0.5606060606060606,0.7826797385620915,0.003787878787878788,-0.0016935573094560802,4.4551290619059,1.0,1.0227465768827653
59,REVLIMID,FIN,BRAND_MATERIAL_TYPE,202612,2025-12-19,0.5717791027207338,,990062.760604406,0.5717791027207338,0.8578431372549019,0.534981928581883,0.7340092209406057,0.4880479714881052,1.0,0.0,1.0,0.09714285714285714,0.2826797385620915,0.009523809523809525,0.7804635590566557,0.3926816686156907,1.0,0.6461636012302728
60,REVLIMID,FIN,BRAND_MATERIAL_TYPE,202612,2025-12-26,-0.570758066764386,,2253598.8834652416,0.570758066764386,0.9683860232945092,1.740390075768433,1.0375228511283163,0.6382958696044,1.0,-0.0,1.0,0.13058419243986255,0.17970049916805325,0.00859106529209622,0.8408526507931312,1.805694473486691,1.0,0.8083535664080652
61,REVLIMID,FIN,BRAND_MATERIAL_TYPE,202612,2026-01-02,0.3661024991122737,,11510037.473791542,0.3661024991122737,0.9353233830845771,2.552624434830048,0.48108819486783183,0.332405890519969,-0.3668288735804786,1.6247175016256212,-0.5104693853241288,0.5886524822695035,0.6086235489220564,0.0070921985815602835,0.0051486486764294875,1.2280374815279074,1.9915463752060998,0.5868520828116988
62,REVLIMID,FIN,BRAND_MATERIAL_TYPE,202612,2026-01-09,-0.9096907900002202,,6865492.193970082,0.9096907900002202,0.8609271523178808,0.27706085355935123,0.4036292529161776,0.20791544670429593,1.0,-0.0,1.0,0.11730769230769231,0.23344370860927152,0.0038461538461538464,0.004186050497893447,0.11182986533447943,1.0,0.5136040190472658
63,REVLIMID,FIN,BRAND_MATERIAL_TYPE,202612,2026-01-16,0.90086466655612,,6158423.630933525,0.90086466655612,0.9303482587064676,0.5825654126837456,0.4439161874785291,0.17489447207970363,1.0,0.0,1.0,0.16042780748663102,0.22388059701492538,0.0,0.5967541664771082,0.2586102169554243,1.0,0.5571684650411629
64,REVLIMID,FIN,BRAND_MATERIAL_TYPE,202612,2026-01-23,0.31699663363102903,,14717616.182802614,0.31699663363102903,0.8552412645590682,2.4233977992294324,0.6740345596311195,0.6172546329390305,-0.3207612773196216,1.3970997991009815,-0.08555384718798915,0.5583657587548638,0.7853577371048253,0.007782101167315175,-0.007030690201746215,1.6334538684146345,1.717861076420603,0.6378889209129026
65,REVLIMID,FIN,BRAND_MATERIAL_TYPE,202612,2026-01-30,0.07123023062751414,,6577350.948623658,0.07123023062751414,0.7963272120200334,3.8766321537879884,5.891085958158575,5.170954910863349,1.0,0.0,1.0,0.20964360587002095,0.5175292153589316,0.0,311.2717471225831,22.837573246126453,1.0,2.692216241916741
66,REVLIMID,HALB,BRAND_MATERIAL_TYPE,202612,2025-07-18,,,0.0,,1.0,,,,,,,0.0,0.0,0.0,,,,
67,REVLIMID,HALB,BRAND_MATERIAL_TYPE,202612,2025-07-25,-0.9140704729825868,,2849037.1577762025,0.9140704729825868,0.9811320754716981,1.0940075514495369,1.0396677044152165,0.9989880675218418,1.0,-0.0,1.0,0.4230769230769231,0.42452830188679247,0.0,0.9247283733444258,1.1374043196284518,1.0,0.8224708553509924
68,REVLIMID,HALB,BRAND_MATERIAL_TYPE,202612,2025-08-01,-0.47538507109649997,,182007.99939028002,0.47538507109649997,0.9811320754716981,2.1035578540433524,1.9282223671930678,1.9757023926683839,1.0,-0.0,1.0,0.23076923076923078,0.27358490566037735,0.0,0.3701027220362812,4.056127304851043,1.0,1.1728612739212523
69,REVLIMID,HALB,BRAND_MATERIAL_TYPE,202612,2025-08-08,-0.04580883433964456,,1915833.2336218155,0.04580883433964456,0.9811320754716981,21.829850386185555,14.609924708559204,15.154085519212762,1.0,-0.0,1.0,0.625,0.7735849056603774,0.0,0.06347297491587829,318.932470541283,1.0,6.262208877134374
70,REVLIMID,HALB,BRAND_MATERIAL_TYPE,202612,2025-08-15,0.9345968835451405,,8166721.151287196,0.9345968835451405,0.9813084112149533,1.0699800284019463,0.9754595203824956,0.6358649059479115,1.0,0.0,1.0,0.5714285714285714,0.6822429906542056,0.0,0.7471609982998861,1.0437222053238115,1.0,0.8054486056607865
71,REVLIMID,HALB,BRAND_MATERIAL_TYPE,202612,2025-08-22,0.6791021381913421,,1933645.951056108,0.6791021381913421,0.9814814814814815,1.4725325451975568,1.2511517706215118,1.0571977254307,1.0,0.0,1.0,0.37735849056603776,0.5555555555555556,0.0,1.612020627393517,1.8423617012217246,1.0,0.9115718193597159
72,REVLIMID,HALB,BRAND_MATERIAL_TYPE,202612,2025-08-26,,,0.0,,0.9814814814814815,,,,,,,0.0,0.0,0.0,,,,
73,REVLIMID,HALB,BRAND_MATERIAL_TYPE,202612,2025-08-29,-0.16087294085738815,,571281.0542286136,0.16087294085738815,0.8981481481481481,3.8869696862266623,3.700196530030402,5.235065625589863,1.0,-0.0,1.0,0.3402061855670103,0.3888888888888889,0.0,-0.2953147699265339,14.382551745309256,1.0,1.852300834234383
74,REVLIMID,HALB,BRAND_MATERIAL_TYPE,202612,2025-09-05,-0.945911876160781,,6706536.336097613,0.945911876160781,0.7547169811320755,1.0018445703669705,0.9870058516632698,0.6741977399954674,1.0,-0.0,1.0,0.45,0.7264150943396226,0.0125,0.7185139163777314,0.9888264534092743,1.0,0.7209029695961257
75,REVLIMID,HALB,BRAND_MATERIAL_TYPE,202612,2025-09-12,-0.9093595413324761,,2177757.3781430456,0.9093595413324761,0.8207547169811321,0.05686416487755792,1.0306874533425292,0.981984524745921,1.0,-0.0,1.0,0.20689655172413793,0.44339622641509435,0.011494252873563218,0.8132407344969187,0.058609181284099865,1.0,0.7553567423433011
76,REVLIMID,HALB,BRAND_MATERIAL_TYPE,202612,2025-09-18,-0.9679361765488662,,8674358.894498236,0.9679361765488662,0.7641509433962265,0.7547547891604368,0.9579947276502961,0.7427739848398875,1.0,-0.0,1.0,0.48148148148148145,0.8301886792452831,0.012345679012345678,0.7077644658585646,0.7230511086845094,1.0,0.7165312243934518
77,REVLIMID,HALB,BRAND_MATERIAL_TYPE,202612,2025-09-19,-0.06655259052779569,,371173.73499508935,0.06655259052779569,0.8301886792452831,8.00020246710819,9.640321689775485,12.495089799482873,1.0,-0.0,1.0,0.23863636363636365,0.5943396226415094,0.045454545454545456,0.045494392164772995,77.12452536625842,1.0,4.208015468363024
78,REVLIMID,HALB,BRAND_MATERIAL_TYPE,202612,2025-09-26,-0.44898079895461906,,83822.40419541087,0.44898079895461906,0.9252336448598131,1.5484016098513964,1.5613932008838904,1.961969504444982,1.0,-0.0,1.0,0.21212121212121213,0.27102803738317754,0.0,-0.42265937939608034,2.417663745859641,1.0,1.003685006210254
79,REVLIMID,HALB,BRAND_MATERIAL_TYPE,202612,2025-10-03,0.33729380530093217,,204974.3695845911,0.33729380530093217,0.9454545454545454,2.726685862696544,1.7527052225927195,2.456212246608344,1.0,0.0,1.0,0.2980769230769231,0.4,0.009615384615384616,0.1703325667944424,4.779076551917967,1.0,1.0925972405522395
80,REVLIMID,HALB,BRAND_MATERIAL_TYPE,202612,2025-10-10,,,0.0,,0.9181818181818182,,,,,,,0.0,0.0,0.0,,,,
81,REVLIMID,HALB,BRAND_MATERIAL_TYPE,202612,2025-10-17,0.15446433726869455,,503627.8395664173,0.15446433726869455,0.8909090909090909,4.9635916999242635,3.569016409766652,5.829206021812155,1.0,0.0,1.0,0.3979591836734694,0.44545454545454544,0.0,0.06901208234958661,17.715140228411247,1.0,1.7988186851187822
82,REVLIMID,HALB,BRAND_MATERIAL_TYPE,202612,2025-10-24,0.5203816005184426,,1220598.6827749587,0.5203816005184426,0.8108108108108109,1.5480598524223643,1.4352696566345033,1.0791002017627267,1.0,0.0,1.0,0.35555555555555557,0.7117117117117117,0.022222222222222223,0.3051917294944652,2.221883332835907,1.0,0.9221559107018493
83,REVLIMID,HALB,BRAND_MATERIAL_TYPE,202612,2025-10-31,0.38232510363941047,,675600.6116866721,0.38232510363941047,0.8272727272727273,1.4772714225163852,2.047308629002954,2.5403936741906294,1.0,0.0,1.0,0.23076923076923078,0.45454545454545453,0.01098901098901099,-0.22956758453110931,3.024430530697264,1.0,1.1649840576617878
84,REVLIMID,HALB,BRAND_MATERIAL_TYPE,202612,2025-11-07,-0.8732519782511536,,1210831.1488234017,0.8732519782511536,0.8256880733944955,0.17577488441270134,0.812712597003562,1.1244478568458,1.0,-0.0,1.0,0.2777777777777778,0.4954128440366973,0.0,4.796836383438203,0.14285446279904743,1.0,0.6718740296271128
85,REVLIMID,HALB,BRAND_MATERIAL_TYPE,202612,2025-11-14,0.9837748715243069,,36833688.42206044,0.9837748715243069,0.8256880733944955,0.01231731211586694,1.0088879051130275,1.0062791251378582,1.0,0.0,1.0,0.3333333333333333,0.5229357798165137,0.0,0.8987624293708794,0.01242678721720031,1.0,0.7512615840635597
86,REVLIMID,HALB,BRAND_MATERIAL_TYPE,202612,2025-11-19,0.07688852627800959,,2024567.734243647,0.07688852627800959,0.6422018348623854,5.128650638438856,8.323674520831453,8.662732337558515,1.0,0.0,1.0,0.4857142857142857,1.0,0.014285714285714285,0.02718457105559457,42.68921864541947,1.0,3.6196838756108685
87,REVLIMID,HALB,BRAND_MATERIAL_TYPE,202612,2025-11-21,0.9940587365131721,,27587503.331476077,0.9940587365131721,0.7064220183486238,0.012030518431701467,0.9889711316920415,0.981862646206888,1.0,0.0,1.0,0.35064935064935066,1.018348623853211,0.03896103896103896,0.9508527187937732,0.011897835428241764,1.0,0.7121022141447065
88,REVLIMID,HALB,BRAND_MATERIAL_TYPE,202612,2025-11-28,-0.9204814735947777,,1706243.6039162488,0.9204814735947777,0.8738738738738738,0.17602176004117756,0.9847064622064485,0.9057726403253419,1.0,-0.0,1.0,0.24742268041237114,0.5495495495495496,0.010309278350515464,1.0495814047317036,0.17332976460150037,1.0,0.7617504527504473
89,REVLIMID,HALB,BRAND_MATERIAL_TYPE,202612,2025-12-05,-0.9794407647889615,,63151617.60968055,0.9794407647889615,0.8165137614678899,0.011304661716156366,1.0159048535810389,1.011188905430908,1.0,-0.0,1.0,0.47191011235955055,0.8348623853211009,0.011235955056179775,0.9530142161200845,0.011484460705535009,1.0,0.7607961921969416
90,REVLIMID,HALB,BRAND_MATERIAL_TYPE,202612,2025-12-12,0.9990990528268847,,676392958.2673709,0.9990990528268847,0.8495575221238938,0.002393079574327643,1.0004114315609833,1.0000989192984713,1.0,0.0,1.0,0.2708333333333333,0.46017699115044247,0.0,0.9976776267828034,0.0023940641627924657,1.0,0.755326814512299
91,REVLIMID,HALB,BRAND_MATERIAL_TYPE,202612,2025-12-17,0.9985716648800046,,676620155.2546128,0.9985716648800046,0.6875,0.0021787166527142744,1.0001890449286746,0.9996956589844942,1.0,0.0,1.0,0.4805194805194805,0.9375,0.025974025974025976,1.001670415186847,0.002179128528048489,1.0,0.7063256179714699
92,REVLIMID,HALB,BRAND_MATERIAL_TYPE,202612,2025-12-19,0.27369807167673077,,317852.7544477088,0.27369807167673077,0.8198198198198198,1.1716031653340444,2.3594560322291582,3.1395973910500303,1.0,0.0,1.0,0.3076923076923077,0.7657657657657657,0.06593406593406594,0.11993870145736381,2.764346155826187,1.0,1.297235866345117
93,REVLIMID,HALB,BRAND_MATERIAL_TYPE,202612,2025-12-26,-0.8495649129704438,,303903.29425515723,0.8495649129704438,0.8378378378378378,0.7493224521030982,1.1038621822598527,1.1697483831401145,1.0,-0.0,1.0,0.17204301075268819,0.34234234234234234,0.0,0.16878086024669028,0.82714871719483,1.0,0.7880914194504877
94,REVLIMID,HALB,BRAND_MATERIAL_TYPE,202612,2026-01-02,0.9997512168354913,,814419742.5459857,0.9997512168354913,0.9107142857142857,0.9996278435654472,0.9956730758635024,0.9958205084893654,0.00033550106850695026,0.999161790239745,-0.9981528595338721,0.5294117647058824,0.5714285714285714,0.0,0.9948418846333794,0.9953025297216088,0.9988262891712381,0.7816025636787344
95,REVLIMID,HALB,BRAND_MATERIAL_TYPE,202612,2026-01-09,-0.9995629927555402,,1486366613.4243665,0.9995629927555402,0.8198198198198198,0.0007865761444392728,1.0000443530714547,0.9995939218638512,1.0,-0.0,1.0,0.26373626373626374,0.5045045045045045,0.0,0.995806823822281,0.0007866110315072117,1.0,0.7447624859733266
96,REVLIMID,HALB,BRAND_MATERIAL_TYPE,202612,2026-01-16,0.7186619653616075,,5715139.794418389,0.7186619653616075,0.8899082568807339,0.5680070684309046,1.184535196710302,1.0290498450124905,1.0,0.0,1.0,0.41237113402061853,0.5412844036697247,0.0,0.4417920177403404,0.6728243645366436,1.0,0.8478201948920719
97,REVLIMID,HALB,BRAND_MATERIAL_TYPE,202612,2026-01-23,-0.9806636773864347,,681738300.1930754,0.9806636773864347,0.7155963302752294,0.009253677805714334,1.0145546437499315,1.0143964002612862,1.0084422054415654,-1.2169203336249,-0.09162757875029326,0.6282051282051282,0.9724770642201835,0.01282051282051282,1.0074966759010542,0.009388361789553153,2.2253625390664653,0.7244762917507371
98,REVLIMID,HALB,BRAND_MATERIAL_TYPE,202612,2026-01-30,-0.22782524751873007,,4872904.482268889,0.22782524751873007,0.6422018348623854,0.9913885593826994,2.037445045420468,2.413885259933508,1.0,-0.0,1.0,0.38571428571428573,1.018348623853211,0.0,-737.5884151887909,2.0198997084008163,1.0,1.1058037062415818
99,REVLIMID,PACK,BRAND_MATERIAL_TYPE,202612,2025-07-18,,,0.0,,1.0,,,,,,,0.0,0.0,0.0,,,,
100,REVLIMID,PACK,BRAND_MATERIAL_TYPE,202612,2025-07-25,0.060782545723155,,24253.82297600003,0.060782545723155,1.0,16.452091436819366,12.919461695306186,11.908113423236385,1.0,0.0,1.0,0.19166666666666668,0.19166666666666668,0.0,-0.0005234744369171698,212.5521651256627,1.0,5.574173567011364
101,REVLIMID,PACK,BRAND_MATERIAL_TYPE,202612,2025-08-01,-0.8404571181253798,,72000.10980764,0.8404571181253798,1.0,1.1898286996848535,0.7497163760866192,1.1131778408187691,1.0,-0.0,1.0,0.25,0.275,0.0,0.2588421405683929,0.8920340608915828,1.0,0.7090532171013143
102,REVLIMID,PACK,BRAND_MATERIAL_TYPE,202612,2025-08-08,0.8704306119274067,,78584.33223668,0.8704306119274067,1.0,1.1488566535886027,0.8641165410511639,0.9840593235867963,1.0,0.0,1.0,0.375,0.43333333333333335,0.0,-0.04947115315069767,0.9927460376625985,1.0,0.7600910608649101
103,REVLIMID,PACK,BRAND_MATERIAL_TYPE,202612,2025-08-15,-0.5156065434642867,,47440.42048864,0.5156065434642867,1.0,1.939463361502635,1.2012094088550636,1.63495069210817,1.0,-0.0,1.0,0.36363636363636365,0.45454545454545453,0.0,-0.002394468279437998,2.3297016379666347,1.0,0.8956352786935406
104,REVLIMID,PACK,BRAND_MATERIAL_TYPE,202612,2025-08-22,-0.6440804364357052,,59271.22971477,0.6440804364357052,0.9917355371900827,1.5526011091625884,1.1218205555666898,1.253983534395104,1.0,-0.0,1.0,0.3416666666666667,0.5206611570247934,0.0,-0.04686434855767092,1.7417398388542338,1.0,0.8627778090035355
105,REVLIMID,PACK,BRAND_MATERIAL_TYPE,202612,2025-08-26,,,0.0,,0.9917355371900827,,,,,,,0.0,0.0,0.0,,,,
106,REVLIMID,PACK,BRAND_MATERIAL_TYPE,202612,2025-08-29,0.9036980214479786,,20558.347042999998,0.9036980214479786,0.9917355371900827,1.106564334840214,0.978519026377055,0.8965893225373794,1.0,0.0,1.0,0.20833333333333334,0.21487603305785125,0.0,0.05969856202953662,1.0827942555514198,1.0,0.7952643598621167
107,REVLIMID,PACK,BRAND_MATERIAL_TYPE,202612,2025-09-05,-0.6746250942182102,,57708.418917200004,0.6746250942182102,0.9504132231404959,1.4433576889330384,1.0265179237351232,1.1201295109599645,1.0,-0.0,1.0,0.3217391304347826,0.4132231404958678,0.008695652173913044,0.00440948522217742,1.4816325380506683,1.0,0.8045465634334433
108,REVLIMID,PACK,BRAND_MATERIAL_TYPE,202612,2025-09-12,0.04720783735220517,,31905.10794665,0.04720783735220517,0.9173553719008265,19.224951451933965,12.278198436042238,15.838926067406332,1.0,0.0,1.0,0.24324324324324326,0.4132231404958678,0.009009009009009009,-0.0006185122790186992,236.04776885012356,1.0,5.291995627860421
109,REVLIMID,PACK,BRAND_MATERIAL_TYPE,202612,2025-09-18,0.2755844384720479,,139744.69874788,0.2755844384720479,0.864406779661017,1.8932346545144794,1.910089824309437,3.282382820137869,1.0,0.0,1.0,0.4411764705882353,0.8135593220338984,0.0196078431372549,-0.0032463450471981238,3.6162482486180996,1.0,1.1369172856559784
110,REVLIMID,PACK,BRAND_MATERIAL_TYPE,202612,2025-09-19,0.17862680554482321,,126864.17246287,0.17862680554482321,0.7542372881355932,2.1033115623176086,3.4234240015316484,5.371882481513047,1.0,0.0,1.0,0.34831460674157305,0.7372881355932204,0.0,-0.041735083578519475,7.200527285137131,1.0,1.6956407870533372
111,REVLIMID,PACK,BRAND_MATERIAL_TYPE,202612,2025-09-26,0.22777434782339714,,70550.9898378,0.22777434782339714,0.9166666666666666,2.8778515922185774,3.645772614659896,3.6742395875329494,1.0,0.0,1.0,0.2828282828282828,0.42592592592592593,0.0,0.1804722997709202,10.491992523965868,1.0,1.8391732433948227
112,REVLIMID,PACK,BRAND_MATERIAL_TYPE,202612,2025-10-03,-0.5140146129772991,,70708.81624417001,0.5140146129772991,0.8974358974358975,1.0467082860106718,1.0402951127768603,1.2899231437553356,1.0,-0.0,1.0,0.2571428571428571,0.42735042735042733,0.009523809523809525,-0.08954447591876298,1.0888855144399459,1.0,0.7893374183301174
113,REVLIMID,PACK,BRAND_MATERIAL_TYPE,202612,2025-10-10,,,0.0,,0.8803418803418803,,,,,,,0.0,0.0,0.0,,,,
114,REVLIMID,PACK,BRAND_MATERIAL_TYPE,202612,2025-10-17,-0.30912897506339765,,191457.6863085812,0.30912897506339765,0.9322033898305084,2.508541974694603,1.3570877867764148,2.996870770450957,1.0,-0.0,1.0,0.6090909090909091,0.6864406779661016,0.0,-0.0525048833205035,3.4043116764740358,1.0,0.9385978265749728
115,REVLIMID,PACK,BRAND_MATERIAL_TYPE,202612,2025-10-24,-0.5450972451921624,,227277.5949745,0.5450972451921624,0.7967479674796748,0.5293098185225118,1.1118079523815882,1.665420513588666,1.0,-0.0,1.0,0.45918367346938777,0.8861788617886179,0.030612244897959183,-0.0595262526272792,0.5884908655069839,1.0,0.7929616633374592
116,REVLIMID,PACK,BRAND_MATERIAL_TYPE,202612,2025-10-31,-0.8472363619728541,,163542.2314737,0.8472363619728541,0.8699186991869918,0.14477704503595243,1.0044663660338398,1.067269249570312,1.0,-0.0,1.0,0.32710280373831774,0.6422764227642277,0.028037383177570093,0.12314654210931682,0.1454236723123807,1.0,0.7711632401804736
117,REVLIMID,PACK,BRAND_MATERIAL_TYPE,202612,2025-11-07,0.28295076737631125,,106384.06675820755,0.28295076737631125,0.9349593495934959,3.2944863382338134,1.385903749310927,2.809659422914214,1.0,0.0,1.0,0.43478260869565216,0.6829268292682927,0.043478260869565216,-0.13655864744057253,4.565840968211869,1.0,0.9511094672040457
118,REVLIMID,PACK,BRAND_MATERIAL_TYPE,202612,2025-11-14,-0.1807661822229159,,71408.43030011671,0.1807661822229159,0.864406779661017,4.806080478670433,3.484755244438723,3.5514604450340412,1.0,-0.0,1.0,0.3235294117647059,0.4915254237288136,0.00980392156862745,-0.0003201626356735517,16.748014153241357,1.0,1.7560489904308565
119,REVLIMID,PACK,BRAND_MATERIAL_TYPE,202612,2025-11-19,-0.09443510283921039,,154971.00607199303,0.09443510283921039,0.8983050847457628,9.080633166910038,5.935532483661342,9.364255908150023,1.0,-0.0,1.0,0.6226415094339622,0.9491525423728814,0.03773584905660377,-0.002555715734394815,53.8983931344071,1.0,2.765173445441938
120,REVLIMID,PACK,BRAND_MATERIAL_TYPE,202612,2025-11-21,-0.5263845815083128,,63091.126622779986,0.5263845815083128,0.8305084745762712,1.3684780334157358,1.1582250228456725,1.395262438264998,1.0,-0.0,1.0,0.3163265306122449,0.6440677966101694,0.02040816326530612,-0.001151490209871384,1.5850055015167417,1.0,0.8169623255224499
121,REVLIMID,PACK,BRAND_MATERIAL_TYPE,202612,2025-11-28,0.2370033121475908,,62952.03502471209,0.2370033121475908,0.9491525423728814,3.2590926674606426,2.0983414824444693,3.7262808999706754,1.0,0.0,1.0,0.29464285714285715,0.5423728813559322,0.017857142857142856,-0.009970667385831657,6.838689339263264,1.0,1.2370767059721381
122,REVLIMID,PACK,BRAND_MATERIAL_TYPE,202612,2025-12-05,0.34364855875428957,,81984.65593656784,0.34364855875428957,0.8813559322033898,2.5793952126435005,1.7691441334189277,2.2396563714888607,1.0,0.0,1.0,0.38461538461538464,0.711864406779661,0.0,-0.0004340940462243266,4.563321908217117,1.0,1.0839288398082492
123,REVLIMID,PACK,BRAND_MATERIAL_TYPE,202612,2025-12-12,-0.7919094707591062,,89635.6068988,0.7919094707591062,0.853448275862069,1.1126952817526792,0.8528281015364984,1.1044050817296645,1.0,-0.0,1.0,0.2222222222222222,0.4224137931034483,0.020202020202020204,-0.00010479455274821843,0.9489378047257565,1.0,0.6965910107295419
124,REVLIMID,PACK,BRAND_MATERIAL_TYPE,202612,2025-12-17,-0.19706573016982812,,209949.38597273576,0.19706573016982812,0.8879310344827587,3.476285762877497,2.2401015536474778,4.466739568836661,1.0,-0.0,1.0,0.5048543689320388,0.8706896551724138,0.009708737864077669,-6.133754555388402e-05,7.787233138344488,1.0,1.2802360237578416
125,REVLIMID,PACK,BRAND_MATERIAL_TYPE,202612,2025-12-19,0.7185058509136358,,47118.17322388,0.7185058509136358,0.7327586206896551,0.2787809312837472,1.1217818366969778,1.045597086568957,1.0,0.0,1.0,0.2,0.6293103448275862,0.011764705882352941,0.04667457575049048,0.3127313851315759,1.0,0.7627931944489061
126,REVLIMID,PACK,BRAND_MATERIAL_TYPE,202612,2025-12-26,0.2906639852894392,,50699.3223998,0.2906639852894392,0.9655172413793104,3.4184767880434714,2.818130961147151,2.508860914791322,1.0,0.0,1.0,0.14285714285714285,0.21551724137931033,0.008928571428571428,-0.009633511039821463,9.633715276348173,1.0,1.5206431890565617
127,REVLIMID,PACK,BRAND_MATERIAL_TYPE,202612,2026-01-02,-0.19022347644456516,,100935.07048355999,0.19022347644456516,0.9482758620689655,3.933119099598401,1.7966529256904642,3.8160269972839362,-0.3345632382932862,1.3499789120699688,-0.6251777804342082,0.8636363636363636,0.20689655172413793,0.0,-2.3459569175331144e-05,7.066449937382512,1.684542150363255,1.1048680668279098
128,REVLIMID,PACK,BRAND_MATERIAL_TYPE,202612,2026-01-09,0.23029681176137368,,54034.706602652,0.23029681176137368,0.9482758620689655,2.5471244537135935,2.427378893793211,2.2774631749340797,1.0,0.0,1.0,0.2636363636363636,0.3706896551724138,0.0,-8.340646421845034e-06,6.1828361388089395,1.0,1.3626182241839513
129,REVLIMID,PACK,BRAND_MATERIAL_TYPE,202612,2026-01-16,-0.8073421133818096,,330101.133629872,0.8073421133818096,0.5391304347826087,0.3797541402700227,0.35814683131961866,0.9349744134607089,1.0,-0.0,1.0,0.6612903225806451,0.9652173913043478,0.0,-0.02866625561630368,0.1360077420182146,1.0,0.39108481948436924
130,REVLIMID,PACK,BRAND_MATERIAL_TYPE,202612,2026-01-23,-0.5401373318591146,,362221.32271812996,0.5401373318591146,0.5217391304347826,0.7132976312813176,0.5448501151499331,1.415493454425346,0.9599916356256492,0.12167564050241945,0.580902193557102,0.55,1.6782608695652175,0.0,0.000294838399886796,0.3886402965398004,0.8383159951232297,0.48257772721939357
131,REVLIMID,PACK,BRAND_MATERIAL_TYPE,202612,2026-01-30,0.38587442296760177,,78216.11058493,0.38587442296760177,0.7913043478260869,0.493971338993565,1.7714605067154532,2.572506699083888,1.0,0.0,1.0,0.3626373626373626,1.008695652173913,0.0,20.052408664983584,0.8750507184764516,1.0,1.0587291302224133
132,REVLIMID,RAW,BRAND_MATERIAL_TYPE,202612,2025-07-18,,,0.0,,1.0,,,,,,,0.0,0.0,0.0,,,,
133,REVLIMID,RAW,BRAND_MATERIAL_TYPE,202612,2025-07-25,-1.0,,6114.5,1.0,1.0,1.0,1.0,1.0,1.0,-0.0,1.0,0.125,0.125,0.0,0.0021711875444570387,1.0,1.0,0.8041666666666667
134,REVLIMID,RAW,BRAND_MATERIAL_TYPE,202612,2025-08-01,-1.0,,1952.9999999999998,1.0,1.0,1.0,1.0,1.0,1.0,-0.0,1.0,0.125,0.125,0.0,0.008353885288856156,1.0,1.0,0.8041666666666667
135,REVLIMID,RAW,BRAND_MATERIAL_TYPE,202612,2025-08-08,,,0.0,,1.0,,,,,,,0.0,0.0,0.0,-0.0,,,
136,REVLIMID,RAW,BRAND_MATERIAL_TYPE,202612,2025-08-15,,,0.0,,1.0,,,,,,,0.0,0.0,0.0,0.0,,,
137,REVLIMID,RAW,BRAND_MATERIAL_TYPE,202612,2025-08-22,-1.0,,12822.165,1.0,1.0,1.0,1.0,1.0,1.0,-0.0,1.0,0.25,0.25,0.0,-0.01574054988365929,1.0,1.0,0.8083333333333333
138,REVLIMID,RAW,BRAND_MATERIAL_TYPE,202612,2025-08-26,,,0.0,,1.0,,,,,,,0.0,0.0,0.0,,,,
139,REVLIMID,RAW,BRAND_MATERIAL_TYPE,202612,2025-08-29,,,0.0,,1.0,,,,,,,0.0,0.0,0.0,0.0,,,
140,REVLIMID,RAW,BRAND_MATERIAL_TYPE,202612,2025-09-05,0.6128736706424625,,1741.0854000000002,0.6128736706424625,1.0,1.6316576284827526,1.6316576284827526,1.6316576284827526,1.0,0.0,1.0,0.25,0.25,0.0,-0.00012085851728474444,2.6623066165859606,1.0,1.0609963847264345
141,REVLIMID,RAW,BRAND_MATERIAL_TYPE,202612,2025-09-12,-1.0,,8537.15625,1.0,1.0,1.0,1.0,1.0,1.0,-0.0,1.0,0.25,0.25,0.0,0.0035058007718914664,1.0,1.0,0.8083333333333333
142,REVLIMID,RAW,BRAND_MATERIAL_TYPE,202612,2025-09-18,0.6128736706424625,,1741.0854000000002,0.6128736706424625,1.0,1.6316576284827526,1.6316576284827526,1.6316576284827526,1.0,0.0,1.0,0.2857142857142857,0.2857142857142857,0.0,-8.994886422116693e-05,2.6623066165859606,1.0,1.0621868609169107
143,REVLIMID,RAW,BRAND_MATERIAL_TYPE,202612,2025-09-19,1.0,,8537.15625,1.0,1.0,1.0,1.0,1.0,1.0,0.0,1.0,0.2857142857142857,0.2857142857142857,0.0,-0.015722763980048453,1.0,1.0,0.8095238095238095
144,REVLIMID,RAW,BRAND_MATERIAL_TYPE,202612,2025-09-26,,,0.0,,1.0,,,,,,,0.0,0.0,0.0,0.0,,,
145,REVLIMID,RAW,BRAND_MATERIAL_TYPE,202612,2025-10-03,,,0.0,,1.0,,,,,,,0.0,0.0,0.0,0.0,,,
146,REVLIMID,RAW,BRAND_MATERIAL_TYPE,202612,2025-10-10,,,0.0,,1.0,,,,,,,0.0,0.0,0.0,,,,
147,REVLIMID,RAW,BRAND_MATERIAL_TYPE,202612,2025-10-17,-1.0,,153.5395,1.0,1.0,1.0,0.9834505127345081,1.0,1.0,-0.0,1.0,0.8571428571428571,0.8571428571428571,0.0,-0.00013620946885233717,0.9834505127345081,1.0,0.8219516336652318
148,REVLIMID,RAW,BRAND_MATERIAL_TYPE,202612,2025-10-24,-1.0,,153.5395,1.0,1.0,1.0,0.9834505127345081,1.0,1.0,-0.0,1.0,0.8571428571428571,1.7142857142857142,0.0,-7.377310333761405e-05,0.9834505127345081,1.0,0.8505230622366604
149,REVLIMID,RAW,BRAND_MATERIAL_TYPE,202612,2025-10-31,-1.0,,10212.14625,1.0,1.0,1.0,1.0,1.0,1.0,-0.0,1.0,0.42857142857142855,1.2857142857142858,0.0,0.009076214297858142,1.0,1.0,0.8428571428571429
150,REVLIMID,RAW,BRAND_MATERIAL_TYPE,202612,2025-11-07,1.0,,4326.0,1.0,1.0,1.0,1.0,1.0,1.0,0.0,1.0,0.14285714285714285,0.14285714285714285,0.0,-0.019625388263916427,1.0,1.0,0.8047619047619048
151,REVLIMID,RAW,BRAND_MATERIAL_TYPE,202612,2025-11-14,-0.7982118517899989,,4621.46815,0.7982118517899989,1.0,1.252800240634725,1.252800240634725,1.252800240634725,1.0,-0.0,1.0,0.42857142857142855,0.42857142857142855,0.0,-9.149600048420348e-05,1.5695084429344248,1.0,0.9154058105396042
152,REVLIMID,RAW,BRAND_MATERIAL_TYPE,202612,2025-11-19,-1.0,,9575.0569,1.0,1.0,1.0,1.0,1.0,1.0,-0.0,1.0,0.375,0.625,0.25,-0.0016721298513393532,1.0,1.0,0.8208333333333334
153,REVLIMID,RAW,BRAND_MATERIAL_TYPE,202612,2025-11-21,,,0.0,,1.0,,,,,,,0.0,0.0,0.0,0.0,,,
154,REVLIMID,RAW,BRAND_MATERIAL_TYPE,202612,2025-11-28,1.0,,18596.815,1.0,1.0,1.0,1.0,1.0,1.0,0.0,1.0,0.125,0.125,0.0,-0.0124279246136642,1.0,1.0,0.8041666666666667
155,REVLIMID,RAW,BRAND_MATERIAL_TYPE,202612,2025-12-05,-1.0,,4211.15625,1.0,1.0,1.0,1.0,1.0,1.0,-0.0,1.0,0.125,0.125,0.0,6.48840693498144e-05,1.0,1.0,0.8041666666666667
156,REVLIMID,RAW,BRAND_MATERIAL_TYPE,202612,2025-12-12,1.0,,4211.15625,1.0,1.0,1.0,1.0,1.0,1.0,0.0,1.0,0.125,0.125,0.0,6.2170443285027266e-06,1.0,1.0,0.8041666666666667
157,REVLIMID,RAW,BRAND_MATERIAL_TYPE,202612,2025-12-17,1.0,,56983.815,1.0,0.875,0.6878587367307717,1.0,1.0,1.0,0.0,1.0,0.2857142857142857,0.375,0.0,8.447966816315634e-05,0.6878587367307717,1.0,0.7625
158,REVLIMID,RAW,BRAND_MATERIAL_TYPE,202612,2025-12-19,1.0,,38387.0,1.0,0.875,0.5366400083361554,1.0,1.0,1.0,0.0,1.0,0.14285714285714285,0.5,0.0,0.05292316373549015,0.5366400083361554,1.0,0.7666666666666667
159,REVLIMID,RAW,BRAND_MATERIAL_TYPE,202612,2025-12-26,,,0.0,,1.0,,,,,,,0.0,0.0,0.0,-0.0,,,
160,REVLIMID,RAW,BRAND_MATERIAL_TYPE,202612,2026-01-02,1.0,,26948.125900000014,1.0,1.0,1.0,0.8194748488984905,1.0,0.0,1.0,-1.0,1.0,0.0,0.0,3.29262593664183e-05,0.8194748488984905,1.0,0.7277899395593963
161,REVLIMID,RAW,BRAND_MATERIAL_TYPE,202612,2026-01-09,-1.0,,23075.34375,1.0,0.875,0.6592531801395158,1.0,1.0,1.0,-0.0,1.0,0.2857142857142857,0.375,0.0,1.5466326247469362e-05,0.6592531801395158,1.0,0.7625
162,REVLIMID,RAW,BRAND_MATERIAL_TYPE,202612,2026-01-16,-0.6509374673103511,,141106.88025,0.6509374673103511,0.42857142857142855,0.3545952242431426,1.503633543791206,1.53624587647714,1.0,-0.0,1.0,1.0,1.1428571428571428,0.0,-0.009879928601144915,0.5331812736401539,1.0,0.8109772270402921
163,REVLIMID,RAW,BRAND_MATERIAL_TYPE,202612,2026-01-23,0.8147842415792115,,619634.8004,0.8147842415792115,0.25,0.04747535672449665,1.211596795676711,1.2273187783575736,0.8740767013990608,0.05337650651200273,0.9383574477941495,1.0,1.75,0.0,-0.0007608240991945488,0.057520990081008944,0.820700194887058,0.6429720516040178
164,REVLIMID,RAW,BRAND_MATERIAL_TYPE,202612,2026-01-30,1.0,,612987.984,1.0,0.875,0.006892396523713913,1.0,1.0,1.0,0.0,1.0,0.14285714285714285,0.375,0.0,407.2642594012242,0.006892396523713913,1.0,0.7625
